steam_addr,sh4_pc,confidence,evidence,method,steam_name,sh4_label,bank,sh4_role,score,runner_up,steam_ninsn,sh4_ninsn
0x140036410,0x8c125e00,low,k:200#1(9.9) k:170#1(9.9) ko:200(4.3) ko:170(4.3),fingerprint+callgraph,caseD_39,loc_8c125e00,bank12,,28.37,runner-up: sh4 0x8c042d0c(12.2) / steam 0x140845420(24.4),2,6
0x140036560,0x8c0321d2,high,sw:8#0#18(9.9) k:8#18(9.9) kl:8#-2(7.9) ko:8(3.4),fingerprint,caseD_88,loc_8c0321d2,bank03,,31.12,runner-up: sh4 0x8c129668(1.7) / steam 0x140254720(4.9),1,5
0x14003a4c0,0x8c129740,medium,sw:26#1#0(9.9) k:26#1(9.9) ko:26(4.6),fingerprint+callgraph,FUN_14003a4c0,loc_8c129740,bank12,,24.34,runner-up: sh4 0x8c12939c(12.5) / steam -(0.0),27,27
0x140048460,0x8c02738a,low,sw:244#0#0(9.9) ko:244(4.9),fingerprint+callgraph,FUN_140048460,loc_8c02738a,bank02,,14.8,runner-up: sh4 0x8c06d28c(8.0) / steam 0x14043eda0(6.9),97,18
0x14006b5d0,0x8c174b52,high,sw:168#0#1(9.9) sw:128#0#0(9.9) k:168#1(9.9) k:128#0(9.9) kl:168#-1(7.9) kl:128#-1(7.9) ko:128(4.9) ko:168(4.6),fingerprint+callgraph,FUN_14006b5d0,loc_8c174b52,bank17,,32.41,runner-up: sh4 0x8c1258e0(16.3) / steam 0x140845520(4.6),11,56
0x140108c10,0x8c05702e,low,c:214(8.4) c:218(6.9),fingerprint+callgraph,FUN_140108c10,loc_8c05702e,bank05,,15.22,runner-up: sh4 0x8c0573e8(10.2) / steam 0x1404d60e0(12.7),310,62
0x14022f760,0x8c0eefcc,high,c:2b1(9.9) c:2af(9.9) c:2b0(8.0),fingerprint+callgraph,FUN_14022f760,loc_8c0eefcc,bank0e,,27.76,runner-up: sh4 0x8c056454(14.9) / steam 0x14022caa0(9.9),1152,278
0x1402aa140,0x8c027b64,high,c:297(9.9) c:296(9.9) c:2a1(9.5) c:29f(8.5) c:2a0(7.1),fingerprint,FUN_1402aa140,loc_8c027b64,bank02,,44.89,runner-up: sh4 0x8c024b60(32.6) / steam 0x14060e170(27.3),1411,614
0x140608f30,0x8c041c08,medium,b:3cfb(8.9) c:27b0(8.6),fingerprint,FUN_140608f30,loc_8c041c08,bank04,,17.56,runner-up: sh4 0x8c012416(8.9) / steam 0x140609250(8.9),69,13
0x1406090a0,0x8c0420b8,medium,b:3cfd(9.6) c:4a9(8.8) c:2ab0(7.9) c:40a00000(5.9) r:51(5.0) r:217(4.6),fingerprint+callgraph,FUN_1406090a0,loc_8c0420b8,bank04,,41.78,runner-up: sh4 0x8c064fe0(33.5) / steam 0x140609990(33.0),90,79
0x1406092b0,0x8c04218c,medium,c:19a9(9.9) b:3cfd(9.4) c:2ab0(7.5) c:40a00000(5.8),fingerprint,FUN_1406092b0,loc_8c04218c,bank04,,32.63,runner-up: sh4 0x8c03565c(26.3) / steam 0x140609990(22.7),86,78
0x140609450,0x8c1229c0,medium,sw:53#3#0(9.9) kl:53#-6(7.9) ko:53(3.1),fingerprint+callgraph,FUN_140609450,loc_8c1229c0,bank12,,20.9,runner-up: sh4 0x8c11efa0(13.0) / steam 0x140845650(3.1),23,2
0x140609570,0x8c04257c,medium,k:38#8(9.9) kl:38#-4(7.9) c:2ab0(7.7) ko:38(3.8),fingerprint+callgraph,FUN_140609570,loc_8c04257c,bank04,,29.25,runner-up: sh4 0x8c0417e4(17.6) / steam 0x140609510(23.5),27,67
0x1406095f0,0x8c04223a,medium,c:3ca9(8.6) c:2ab0(7.5) c:40a00000(5.8),fingerprint,FUN_1406095f0,loc_8c04223a,bank04,,21.93,runner-up: sh4 0x8c03565c(16.9) / steam 0x140609570(16.1),79,55
0x1406097b0,0x8c0422fe,high,sw:437#1#2(9.9) k:437#3(9.9) kl:437#-1(7.9) kl:432#-1(7.9) r:322(5.1) ko:437(4.4) ko:432(4.2) r:81(2.7),fingerprint+callgraph,FUN_1406097b0,loc_8c0422fe,bank04,,51.86,runner-up: sh4 0x8c0d8042(14.1) / steam 0x140609ff0(20.5),31,40
0x140609820,0x8c031f50,low,kl:53#-7(7.9) r:52(4.7) ko:53(3.1),fingerprint+callgraph,FUN_140609820,loc_8c031f50,bank03,,15.7,runner-up: sh4 0x8c042b5c(12.4) / steam 0x14060c2f0(7.8),13,38
0x140609870,0x8c0418be,medium,sw:160#0#0(9.9) k:160#0(9.9) c:aa0(9.0) kl:160#-5(7.9) ko:160(4.5) ko:20(4.3),fingerprint+callgraph,FUN_140609870,loc_8c0418be,bank04,,22.7,runner-up: sh4 0x8c02e7bc(16.7) / steam 0x14061ca70(18.7),4,95
0x140609890,0x8c041b10,low,c:900a0(9.2) r:300(5.5) ko:53(3.2),fingerprint+callgraph,FUN_140609890,loc_8c041b10,bank04,,17.88,runner-up: sh4 0x8c0104c0(10.5) / steam 0x140845690(11.1),6,9
0x1406098b0,0x8c04182e,high,k:27#1(9.9) c:100a0(9.9) kl:27#-6(7.9) ko:27(4.0) ko:42(3.1),fingerprint+callgraph,FUN_1406098b0,loc_8c04182e,bank04,,34.75,runner-up: sh4 0x8c043f60(13.0) / steam 0x140609d10(15.0),11,24
0x1406098e0,0x8c041b00,low,c:800a0(9.2) r:300(5.5) ko:53(3.2),fingerprint+callgraph,FUN_1406098e0,loc_8c041b00,bank04,,17.88,runner-up: sh4 0x8c122aa0(10.5) / steam 0x1408460c0(11.1),6,8
0x140609900,0x8c04208c,low,kl:416#-6(7.9) r:322(5.0) ko:416(3.6) d:578(1.8),fingerprint+callgraph,FUN_140609900,loc_8c04208c,bank04,,18.22,runner-up: sh4 0x8c059dee(5.4) / steam 0x140097310(5.9),20,22
0x140609950,0x8c042008,medium,k:38#6(9.9) kl:38#-6(7.9) ko:102(4.0) ko:38(3.8),fingerprint+callgraph,FUN_140609950,loc_8c042008,bank04,,25.61,runner-up: sh4 0x8c034e8c(8.6) / steam 0x1406142b0(4.0),3,6
0x140609960,0x8c042014,low,kl:161#-1(7.9) kl:154#-1(7.9) r:322(4.8) ko:161(4.7) ko:154(4.7) r:81(2.6) d:190(1.9),fingerprint+callgraph,FUN_140609960,loc_8c042014,bank04,,34.65,runner-up: sh4 0x8c1294c8(29.2) / steam 0x14060a1a0(7.5),13,34
0x140609990,0x8c041f5c,medium,b:3cfd(9.8) c:2ab0(8.5) c:40a00000(5.9) r:51(5.3) r:217(4.9),fingerprint+callgraph,FUN_140609990,loc_8c041f5c,bank04,,34.35,runner-up: sh4 0x8c03565c(28.5) / steam 0x14060b440(9.8),90,86
0x140609b40,0x8c041a14,high,sw:127#1#0(9.9) k:146#2(9.9) c:10a0(9.2) kl:127#-6(7.9) ko:127(4.5) ko:90(4.4) ko:146(4.4) ko:42(3.2),fingerprint+callgraph,FUN_140609b40,loc_8c041a14,bank04,,53.28,runner-up: sh4 0x8c040248(12.3) / steam 0x140624d90(15.5),21,53
0x140609bb0,0x8c0419b6,high,k:65#0(9.9) c:10a0(8.8) kl:65#-4(7.9) ko:65(4.3),fingerprint+callgraph,FUN_140609bb0,loc_8c0419b6,bank04,,30.87,runner-up: sh4 0x8c041a14(8.8) / steam 0x140609b40(8.8),20,47
0x140609c10,0x8c04185e,high,k:27#2(9.9) c:300a0(9.9) kl:27#-5(7.9) ko:27(4.0) ko:42(3.1),fingerprint+callgraph,FUN_140609c10,loc_8c04185e,bank04,,34.75,runner-up: sh4 0x8c04508e(6.5) / steam 0x14060d100(13.0),4,20
0x140609c20,0x8c041daa,medium,c:c420000(8.6) kl:35#-17(7.9) r:52(4.7) ko:35(3.6),fingerprint+callgraph,FUN_140609c20,loc_8c041daa,bank04,,24.81,runner-up: sh4 0x8c031aac(8.6) / steam 0x140608d40(13.5),13,24
0x140609c60,0x8c04255a,medium,c:3fa9(9.5) c:2ab0(7.9) r:217(4.6),fingerprint+callgraph,FUN_140609c60,loc_8c04255a,bank04,,22.04,runner-up: sh4 0x8c03e730(18.2) / steam 0x1406090a0(12.6),27,17
0x140609ce0,0x8c041aa6,high,sw:35#14#0(9.9) sw:180#0#3(9.9) sw:133#12#0(9.9) sw:127#2#0(9.9) k:180#3(9.9) kl:35#-2(7.9) kl:180#-3(7.9) kl:127#-4(7.9),fingerprint+callgraph,FUN_140609ce0,loc_8c041aa6,bank04,,97.79,runner-up: sh4 0x8c0fc2c4(11.8) / steam 0x140609b40(12.1),10,45
0x140609d10,0x8c041a90,high,sw:73#0#1(9.9) k:73#1(9.9) k:27#3(9.9) kl:73#-2(7.9) kl:27#-4(7.9) ko:73(4.4) ko:27(4.0),fingerprint+callgraph,FUN_140609d10,loc_8c041a90,bank04,,53.83,runner-up: sh4 0x8c04182e(15.0) / steam 0x14309b1b0(4.9),14,11
0x140609df0,0x8c041dde,high,sw:35#2#6(9.9) b:3cfb(9.4) b:3ccc(8.2) kl:35#-3(7.9) ko:90(4.2) ko:35(3.6),fingerprint+callgraph,FUN_140609df0,loc_8c041dde,bank04,,43.13,runner-up: sh4 0x8c041aa6(30.6) / steam 0x140609510(21.7),18,29
0x140609e30,0x8c041e44,high,b:3ce5(11.0) b:3cfb(8.9) b:3ccc(8.0),fingerprint,FUN_140609e30,loc_8c041e44,bank04,,27.91,runner-up: sh4 0x8c0417e4(16.9) / steam 0x140609990(16.9),18,68
0x140609e80,0x8c041ecc,high,sw:180#0#2(9.9) k:180#2(9.9) kl:180#-4(7.9) kl:137#-2(7.9) ko:180(4.2) ko:137(3.6),fingerprint+callgraph,FUN_140609e80,loc_8c041ecc,bank04,,43.39,runner-up: sh4 0x8c0395ac(6.8) / steam 0x140609ce0(8.2),5,11
0x140609ea0,0x8c041d84,low,c:ccde000(9.5) r:306(5.3) r:269(4.6),fingerprint+callgraph,FUN_140609ea0,loc_8c041d84,bank04,,19.36,runner-up: sh4 0x8c041cee(9.9) / steam 0x14060d980(9.9),9,19
0x140609ed0,0x8c041d54,low,c:ccde000(9.0) r:52(4.7),fingerprint+callgraph,FUN_140609ed0,loc_8c041d54,bank04,,13.64,runner-up: sh4 0x8c041d84(9.0) / steam 0x140609ea0(9.0),13,24
0x140609f10,0x8c042538,medium,c:3ea9(9.5) c:2ab0(7.9) r:217(4.6) ko:137(3.6),fingerprint+callgraph,FUN_140609f10,loc_8c042538,bank04,,25.64,runner-up: sh4 0x8c03e730(18.2) / steam 0x140609990(12.6),27,17
0x140609f90,0x8c04234e,high,sw:443#0#0(9.9) k:443#0(9.9) c:184000(9.2) c:1018000(9.2) kl:443#-3(7.9) ko:443(4.9),fingerprint+callgraph,FUN_140609f90,loc_8c04234e,bank04,,50.88,runner-up: sh4 0x8c0424a6(18.3) / steam 0x140609ff0(18.3),27,47
0x140609ff0,0x8c0424a6,medium,c:184000(9.9) c:1018000(9.9) r:81(2.7),fingerprint+callgraph,FUN_140609ff0,loc_8c0424a6,bank04,,22.38,runner-up: sh4 0x8c0be50a(3.5) / steam 0x14067b980(9.8),31,15
0x14060a070,0x8c04242a,high,sw:304#0#0(9.9) k:304#0(9.9) kl:304#-2(7.9) ko:304(4.6) r:81(2.6),fingerprint+callgraph,FUN_14060a070,loc_8c04242a,bank04,,34.86,runner-up: sh4 0x8c0fd6b0(4.6) / steam 0x14067b980(9.5),36,44
0x14060a130,0x8c042482,high,sw:382#5#0(9.9) k:382#5(9.9) kl:382#-1(7.9) ko:382(4.9) r:81(2.6),fingerprint+callgraph,FUN_14060a130,loc_8c042482,bank04,,35.2,runner-up: sh4 0x8c0424fe(2.6) / steam 0x14067b980(9.7),7,18
0x14060a180,0x8c0423ac,medium,sw:288#2#0(9.9) k:288#2(9.9) ko:288(4.7) r:81(2.6),fingerprint+callgraph,FUN_14060a180,loc_8c0423ac,bank04,,13.55,runner-up: sh4 0x8c04e918(4.7) / steam 0x14067b980(9.5),7,46
0x14060a1f0,0x8c03589a,high,b:3cd8(11.4) b:3cd2(11.4) b:3cd4(6.9) r:55(5.9) c:10000(5.0),fingerprint+callgraph,FUN_14060a1f0,loc_8c03589a,bank03,,40.59,runner-up: sh4 0x8c0358be(23.3) / steam 0x14036f7d0(23.2),25,18
0x14060a1f0,0x8c0358be,low,inlined into FUN_14060a1f0 (covers 71% of strong tokens): b:3cd4 b:3cd8 c:10000,inlined,FUN_14060a1f0,loc_8c0358be,bank03,,0,,25,48
0x14060a270,0x8c0357d8,high,sw:35#5#0(9.9) sw:31#4#0(9.9) sw:30#5#0(9.9) sw:17#1#0(9.9) sw:133#1#0(9.9) k:30#5(9.9) k:133#1(9.9) kl:36#-6(7.9),fingerprint+callgraph,FUN_14060a270,loc_8c0357d8,bank03,,57.08,runner-up: sh4 0x8c031fa0(19.8) / steam 0x14062b6c0(13.5),460,26
0x14060b230,0x8c03580c,high,sw:35#1#4(9.9) sw:31#1#3(9.9) sw:30#1#5(9.9) k:30#6(9.9) kl:36#-5(7.9) kl:35#-11(7.9) ko:36(4.3) ko:31(3.6),fingerprint+callgraph,FUN_14060b230,loc_8c03580c,bank03,,73.87,runner-up: sh4 0x8c0357d8(28.4) / steam 0x14060a270(54.1),70,71
0x14060b550,0x8c010540,high,c:ff09(9.9) c:cf00000(9.9) c:101010(9.9) c:ce1d000(9.5) c:ce0a000(9.5) c:24000(9.5) c:1d28(8.5) c:3faaaaab(7.8),fingerprint,FUN_14060b550,loc_8c010540,bank01,,137.9,runner-up: sh4 0x8c03673e(31.3) / steam 0x14060e170(35.2),109,448
0x14060b550,0x8c041cee,low,inlined into FUN_14060b550 (covers 100% of strong tokens): c:cc00000,inlined,FUN_14060b550,loc_8c041cee,bank04,,0,,109,23
0x14060b8c0,0x8c0395c6,high,k:29#1(9.9) k:26#2(9.9) kl:29#-5(7.9) ko:26(4.4) ko:29(4.1),fingerprint+callgraph,FUN_14060b8c0,loc_8c0395c6,bank03,,36.18,runner-up: sh4 0x8c1291dc(12.3) / steam 0x14003a4c0(4.4),40,54
0x14060ba00,0x8c0395ac,low,kl:136#-2(7.9) ko:136(4.3) ko:17(3.6) ko:137(3.6) ko:42(3.2),fingerprint+callgraph,FUN_14060ba00,loc_8c0395ac,bank03,,22.65,runner-up: sh4 0x8c041588(17.4) / steam 0x14061e520(17.8),8,13
0x14060c2f0,0x8c17a25e,medium,sw:53#3#5(9.9) kl:53#-1(7.9) ko:53(3.1),fingerprint+callgraph,FUN_14060c2f0,loc_8c17a25e,bank17,,20.9,runner-up: sh4 0x8c124480(13.0) / steam 0x140844cc0(3.1),31,60
0x14060c370,0x8c032be0,confirmed,"CONFIRMED both read: bank loader. DC: switch on (r4-1) < 0x19 (25 cases, braf table at 8c032c3c), DC file addresses 0x0c420000 0x0c810000 0x0cc00000 0x0cd00000 0x0ce80000 ... in the pool; Steam FUN_14060c370: same case range (1..0x19), same DC addresses as immediates (0xc420000, 0xc810000, 0xcc00000, 0xcd00000, 0xce80000, 0xd82d000, 0xd85d000) passed to FUN_14060dcf0.",seed,FUN_14060c370,loc_8c032be0,bank03,,999.0,,657,371
0x14060c370,0x8c032364,low,inlined into FUN_14060c370 (covers 69% of strong tokens): b:3ce1 b:3d3c b:3d4c c:c420000 c:c810000 c:cc00000 c:ce60000 c:ce80000,inlined,FUN_14060c370,loc_8c032364,bank03,,0,,657,119
0x14060d080,0x8c0321dc,high,sw:8#0#15(9.9) k:8#15(9.9) kl:8#-5(7.9) ko:8(3.4),fingerprint,FUN_14060d080,loc_8c0321dc,bank03,,31.12,runner-up: sh4 0x8c03221a(3.4) / steam 0x140612430(7.6),30,31
0x14060d470,0x8c0322d4,high,sw:8#0#2(9.9) k:8#2(9.9) kl:8#-18(7.9) ko:8(3.4),fingerprint,FUN_14060d470,loc_8c0322d4,bank03,DM00 compactor,31.12,runner-up: sh4 0x8c03221a(12.9) / steam 0x14060dcf0(3.4),54,38
0x14060d560,0x8c032696,high,sw:8#0#3(9.9) k:8#3(9.9) c:d0010000(9.9) c:4000042(9.9) c:c90(8.8) b:3ce1(8.7) kl:8#-17(7.9) c:100(3.9),fingerprint,FUN_14060d560,loc_8c032696,bank03,,72.26,runner-up: sh4 0x8c032650(12.1) / steam 0x1406163e0(35.8),119,493
0x14060d770,0x8c129668,high,sw:8#0#1(9.9) k:8#1(9.9) kl:8#-19(7.9) ko:8(3.4),fingerprint,FUN_14060d770,loc_8c129668,bank12,,31.12,runner-up: sh4 0x8c032650(3.4) / steam 0x140618460(3.4),79,95
0x14060d8f0,0x8c02ded6,high,sw:8#0#6(9.9) k:8#6(9.9) kl:8#-14(7.9) ko:8(3.4),fingerprint,FUN_14060d8f0,loc_8c02ded6,bank02,,31.12,runner-up: sh4 0x8c0324d0(3.4) / steam 0x143182f60(11.6),32,25
0x14060d980,0x8c041c22,low,r:351(5.7) r:306(5.5) r:269(4.7),fingerprint+callgraph,FUN_14060d980,loc_8c041c22,bank04,,15.89,runner-up: sh4 0x8c042b5c(11.2) / steam 0x14060d100(11.8),120,102
0x14060dcf0,0x8c027366,high,sw:8#0#0(9.9) k:8#0(9.9) kl:8#-20(7.9) ko:8(3.4),fingerprint,FUN_14060dcf0,loc_8c027366,bank02,,31.12,runner-up: sh4 0x8c0324d0(3.4) / steam 0x140611e90(9.9),19,18
0x14060dd40,0x8c042d0c,low,sw:369#1#0(9.9) ko:369(4.9),fingerprint+callgraph,FUN_14060dd40,loc_8c042d0c,bank04,,14.8,runner-up: sh4 0x8c0275f6(12.0) / steam 0x140610d60(4.4),108,33
0x14060df80,0x8c032184,high,sw:8#0#17(9.9) k:8#17(9.9) kl:8#-3(7.9) ko:8(3.4),fingerprint,FUN_14060df80,loc_8c032184,bank03,,31.12,runner-up: sh4 0x8c0324d0(3.4) / steam 0x140612430(7.6),62,39
0x14060e0e0,0x8c0279a4,medium,k:31#0(9.9) kl:31#-17(7.9) ko:31(3.6),fingerprint+callgraph,FUN_14060e0e0,loc_8c0279a4,bank02,,21.4,runner-up: sh4 0x8c04257c(3.6) / steam 0x1406104d0(7.1),16,32
0x14060e170,0x8c03de54,high,b:3d3f(11.4) b:3d51(10.8) b:3d67(10.1) b:3dbc(9.8) c:7fff7f(9.5) c:7f7fff(9.5) b:3d53(9.4) b:3d3b(9.4),fingerprint,FUN_14060e170,loc_8c03de54,bank03,,289.96,runner-up: sh4 0x8c03e97c(186.7) / steam 0x14060e560(176.3),1160,764
0x14060e170,0x8c03e594,medium,inlined into FUN_14060e170 (covers 100% of strong tokens): b:3cba b:3cbb b:3cbc b:3cbd b:3cbe b:3cbf b:3cd0 b:3d3c,inlined,FUN_14060e170,loc_8c03e594,bank03,,0,,1160,41
0x14060e170,0x8c031bba,low,inlined into FUN_14060e170 (covers 100% of strong tokens): b:3cba,inlined,FUN_14060e170,loc_8c031bba,bank03,,0,,1160,52
0x14060e170,0x8c0370a4,low,inlined into FUN_14060e170 (covers 61% of strong tokens): b:3ccc b:3cd0 b:3d04,inlined,FUN_14060e170,loc_8c0370a4,bank03,,0,,1160,105
0x14060e170,0x8c038dd4,low,inlined into FUN_14060e170 (covers 65% of strong tokens): b:3ccc b:3d04,inlined,FUN_14060e170,loc_8c038dd4,bank03,,0,,1160,150
0x14060e170,0x8c03e97c,low,inlined into FUN_14060e170 (covers 83% of strong tokens): b:324e0 b:3cb9 b:3cba b:3cbb b:3cbc b:3cbd b:3cbe b:3cbf,inlined,FUN_14060e170,loc_8c03e97c,bank03,,0,,1160,201
0x14060e170,0x8c046abc,low,inlined into FUN_14060e170 (covers 100% of strong tokens): b:324e0,inlined,FUN_14060e170,loc_8c046abc,bank04,,0,,1160,7
0x14060e170,0x8c04ebb8,low,inlined into FUN_14060e170 (covers 100% of strong tokens): b:3db8,inlined,FUN_14060e170,loc_8c04ebb8,bank04,,0,,1160,22
0x14060ecd0,0x8c03dcba,medium,b:3d48(9.2) b:6d04(8.5) b:3cd1(8.4) b:3ccc(8.2) b:3db8(6.9) b:3cbc(6.8) r:41(5.7) r:8(4.4),fingerprint+callgraph,caseD_5,loc_8c03dcba,bank03,,62.07,runner-up: sh4 0x8c03e730(48.0) / steam 0x140611a20(41.2),57,147
0x14060f450,0x8c03d9a0,medium,b:3d3e(11.9) b:3d51(11.4) b:3d5c(10.8) b:3d01(9.9) b:3d41(9.8) b:3d43(9.0) b:3d39(9.0) b:3cd1(8.4),fingerprint+callgraph,caseD_0,loc_8c03d9a0,bank03,,136.32,runner-up: sh4 0x8c03c134(74.9) / steam 0x14060e560(105.4),224,353
0x14060f990,0x8c05c02e,high,sw:151#0#0(9.9) k:151#0(9.9) kl:151#-1(7.9) ko:151(4.9),fingerprint+callgraph,FUN_14060f990,loc_8c05c02e,bank05,,32.58,runner-up: sh4 0x8c03319e(14.3) / steam 0x14034fd80(7.7),17,71
0x14060fa40,0x8c1294c8,low,k:273#1(9.9) ko:62(4.6) ko:273(4.5),fingerprint+callgraph,FUN_14060fa40,loc_8c1294c8,bank12,cell processor = record->TA-list Duff-device struct COPIER (HUD poly emitter),18.92,runner-up: sh4 0x8c1021c2(14.0) / steam 0x140849bb0(14.6),35,7
0x14060fb90,0x8c0331d8,high,b:3d04(7.3) c:43f00000(7.1) c:44200000(6.9) r:10(5.0) r:13(4.6) r:12(4.6),fingerprint,FUN_14060fb90,loc_8c0331d8,bank03,,35.44,runner-up: sh4 0x8c010d26(14.0) / steam 0x14062fdc0(23.2),63,98
0x14060fcd0,0x8c0335e2,high,c:43f00000(7.4) c:42092492(5.7) r:51(5.0) c:40092492(4.5) d:180(1.6) d:70(0.9),fingerprint+callgraph,FUN_14060fcd0,loc_8c0335e2,bank03,,25.14,runner-up: sh4 0x8c0792b0(17.7) / steam 0x14060fee0(16.1),20,37
0x14060fd30,0x8c0332e0,high,c:43555555(7.4) c:43f00000(7.1) c:44200000(6.9) c:42d55555(6.5) c:42892492(6.4) c:42092492(5.7) c:40092492(4.5) c:3fd55555(4.3),fingerprint,FUN_14060fd30,loc_8c0332e0,bank03,,56.72,runner-up: sh4 0x8c03340c(31.6) / steam 0x1407e9160(33.7),58,129
0x14060fe40,0x8c03340c,high,c:43555555(7.7) c:44200000(7.1) c:42d55555(6.5) r:51(4.8) c:3fd55555(4.3) d:183(2.4) d:182(2.1) d:174(1.1),fingerprint+callgraph,FUN_14060fe40,loc_8c03340c,bank03,,36.93,runner-up: sh4 0x8c104434(14.0) / steam 0x14067baa0(15.5),35,78
0x14060ff40,0x8c0334a8,high,c:43f00000(7.4) c:42892492(6.5) c:42092492(5.7) r:51(4.8) c:40092492(4.5) d:181(2.4) d:180(1.6) d:70(0.9),fingerprint+callgraph,FUN_14060ff40,loc_8c0334a8,bank03,,33.73,runner-up: sh4 0x8c0335e2(24.8) / steam 0x14060fcd0(24.8),29,74
0x140610000,0x8c033674,high,sw:313#0#0(9.9) sw:251#0#0(9.9) k:313#0(9.9) k:251#0(9.9) kl:313#-2(7.9) kl:251#-3(7.9) c:47f42400(7.3) c:47c35000(7.2),fingerprint+callgraph,FUN_140610000,loc_8c033674,bank03,,107.65,runner-up: sh4 0x8c05b318(45.8) / steam 0x1406100f0(39.3),46,82
0x140610480,0x8c02dc32,high,b:6cbc(10.2) b:6cb8(10.2) b:6cb4(10.0),fingerprint+callgraph,FUN_140610480,loc_8c02dc32,bank02,,30.41,runner-up: sh4 0x8c02dcd6(15.2) / steam 0x1406101b0(20.4),7,13
0x1406104b0,0x8c02dc1c,high,b:6cb8(9.9) sw:35#2#1(9.9) k:65#1(9.9) b:6cb4(9.8) kl:65#-3(7.9) kl:35#-8(7.9) kl:30#-5(7.9) ko:65(4.3),fingerprint+callgraph,FUN_1406104b0,loc_8c02dc1c,bank02,,74.68,runner-up: sh4 0x8c02dc32(19.7) / steam 0x140610480(29.8),5,11
0x1406104d0,0x8c030f24,high,b:6ca4(10.4) sw:35#2#2(9.9) sw:31#1#1(9.9) sw:30#1#3(9.9) k:30#4(9.9) b:6cb0(9.7) b:6cac(9.7) b:6ca8(9.7),fingerprint+callgraph,FUN_1406104d0,loc_8c030f24,bank03,,101.11,runner-up: sh4 0x8c0357d8(39.9) / steam 0x140610730(53.7),12,16
0x140610530,0x8c030f54,high,b:6cb0(10.2) b:6cac(10.2) b:6ca8(10.2) b:324e6(8.3) c:3f000000(4.2),fingerprint+callgraph,FUN_140610530,loc_8c030f54,bank03,,43.07,runner-up: sh4 0x8c030f44(30.6) / steam 0x1406105a0(30.6),15,27
0x1406105a0,0x8c030f44,high,b:6cb0(10.5) b:6cac(10.5) b:6ca8(10.5),fingerprint+callgraph,FUN_1406105a0,loc_8c030f44,bank03,,31.57,runner-up: sh4 0x8c02dc4c(15.8) / steam 0x1406101b0(15.8),7,8
0x1406105d0,0x8c0355b2,high,b:6cd4(10.8) b:6ce0(10.5) b:6cdc(10.5) b:6cd8(10.4) b:6cd0(10.2) sw:35#2#3(9.9) k:31#14(9.9) k:27#0(9.9),fingerprint+callgraph,FUN_1406105d0,loc_8c0355b2,bank03,,116.94,runner-up: sh4 0x8c0355c2(52.4) / steam 0x140610650(52.4),15,8
0x140610630,0x8c0355a8,high,b:6cd0(10.5) sw:17#3#0(9.9) sw:133#7#0(9.9) ko:133(3.9) ko:17(3.6),fingerprint+callgraph,FUN_140610630,loc_8c0355a8,bank03,,37.84,runner-up: sh4 0x8c030df0(21.3) / steam 0x14061e520(13.5),6,5
0x140610650,0x8c0355c2,medium,b:6ce0(11.4) b:6cd4(11.4) b:6cdc(11.0) b:6cd8(11.0) b:6cd0(11.0) r:275(4.1),fingerprint+callgraph,FUN_140610650,loc_8c0355c2,bank03,,59.85,runner-up: sh4 0x8c0358be(49.3) / steam 0x140620c70(11.0),38,60
0x140610710,0x8c030e30,high,sw:35#2#4(9.9) k:31#15(9.9) c:214(8.2) kl:35#-5(7.9) kl:31#-2(7.9) kl:30#-4(7.9) ko:31(3.6) ko:35(3.6),fingerprint+callgraph,FUN_140610710,loc_8c030e30,bank03,,68.48,runner-up: sh4 0x8c02dc1c(17.0) / steam 0x1406105d0(17.1),5,5
0x140610730,0x8c030e3a,high,sw:35#2#5(9.9) k:65#3(9.9) k:31#16(9.9) k:27#4(9.9) b:6cb0(9.7) b:6cac(9.7) b:6ca8(9.7) kl:65#-1(7.9),fingerprint+callgraph,FUN_140610730,loc_8c030e3a,bank03,,135.19,runner-up: sh4 0x8c030f24(53.7) / steam 0x1406101b0(29.1),62,87
0x140610c80,0x8c035b2e,medium,b:3cd2(10.5) b:3d06(9.8) b:3d38(9.0) b:3d45(8.2) b:3cb9(8.2) b:3ccc(8.0) b:324e0(6.3) r:5(3.9),fingerprint,FUN_140610c80,loc_8c035b2e,bank03,,63.92,runner-up: sh4 0x8c010b18(34.2) / steam 0x140611a20(52.4),40,104
0x140610ea0,0x8c03619c,high,b:6910(9.4) b:690f(9.2) c:3e99999a(7.4) b:3cba(7.3) b:6908(7.2) b:3cc0(7.2) c:1e0(6.8) r:88(4.6),fingerprint+callgraph,caseD_4,loc_8c03619c,bank03,,67.5,runner-up: sh4 0x8c03e97c(33.1) / steam 0x140611a20(44.0),46,154
0x140610ea0,0x8c036142,medium,inlined into caseD_4 (covers 100% of strong tokens): b:6908 b:690f b:6910,inlined,caseD_4,loc_8c036142,bank03,,0,,46,7
0x140611480,0x8c035db0,high,c:40940000(9.9) c:177(9.2) c:15e(9.2) c:17c(9.0) b:3cc2(8.6) b:3cb9(8.2) b:3cba(7.3) b:3cc0(7.2),fingerprint+callgraph,caseD_3,loc_8c035db0,bank03,,88.08,runner-up: sh4 0x8c036338(31.3) / steam 0x140611a20(59.8),147,338
0x140611480,0x8c0360fa,low,inlined into caseD_3 (covers 100% of strong tokens): b:3cba,inlined,caseD_3,loc_8c0360fa,bank03,,0,,147,36
0x140611e90,0x8c03246c,high,sw:8#0#5(9.9) k:8#5(9.9) kl:8#-15(7.9) ko:8(3.4),fingerprint,FUN_140611e90,loc_8c03246c,bank03,,31.12,runner-up: sh4 0x8c03552a(11.5) / steam 0x140619720(3.4),66,9
0x140612180,0x8c033d78,high,c:502(8.0) c:ce60000(7.6) c:390(7.6) d:171(2.4) d:6c0(2.4) d:172(2.3),fingerprint,FUN_140612180,loc_8c033d78,bank03,LOAD-TIME body-sprite sheet decoder driver — CONFIRMS whole-part contiguous VRAM storage,30.4,runner-up: sh4 0x8c03e630(17.6) / steam 0x140612430(18.7),162,228
0x1406129f0,0x8c034bea,confirmed,"CONFIRMED both read: sprite submit. DC 8c034bea: +0x144 sprite id == 0xFF(-1) -> return 0; tst 0x8000 -> 8c0344d4 (body) else 8c0348c8. Steam FUN_1406129f0: *(+0x188)==0xffffffff -> 0; (id>>15)&1==0 -> body path inline (0x7fff mask, 0x4000 flip, +0x124/0x128 screen, +0x130/0x134 scale, +0x154 facing, +0x178/0x17A) else conditional jump to FUN_140612f70.",seed,FUN_1406129f0,loc_8c034bea,bank03,,999.0,,293,23
0x1406129f0,0x8c0344d4,confirmed,"per-frame BODY render (bit15 clear path), inlined as the main body of FUN_1406129f0",seed-inlined,FUN_1406129f0,loc_8c0344d4,bank03,per-frame BODY render,0,,293,464
0x140612f70,0x8c0348c8,high,c:390(7.6) c:1ff(6.9) c:7fff(5.5) c:3a83126f(5.4) c:4000(5.4) d:17a(3.1) d:154(2.0) d:134(2.0),fingerprint,FUN_140612f70,loc_8c0348c8,bank03,,38.78,runner-up: sh4 0x8c03400a(13.4) / steam 0x140059cf0(24.6),236,362
0x140613390,0x8c0338ec,high,b:6d44(11.4) b:6d40(11.4) b:6d3c(11.4) b:6d38(11.4) b:6d34(11.4) b:6d30(11.4) b:6d2c(11.4) b:6d28(11.4),fingerprint,FUN_140613390,loc_8c0338ec,bank03,,191.07,runner-up: sh4 0x8c03589a(95.5) / steam 0x1404571f0(23.6),256,188
0x1406137f0,0x8c03544c,high,sw:123#0#0(9.9) k:123#0(9.9) kl:80#-2(7.9) kl:123#-3(7.9) ko:80(4.5) ko:123(4.4) d:172(2.3),fingerprint+callgraph,FUN_1406137f0,loc_8c03544c,bank03,,46.77,runner-up: sh4 0x8c1294c8(14.4) / steam 0x140614420(18.7),57,51
0x140613cd0,0x8c04525a,medium,b:2f4c8(10.3) b:2eee8(9.5),fingerprint+callgraph,FUN_140613cd0,loc_8c04525a,bank04,,19.85,runner-up: sh4 0x8c010d96(14.7) / steam 0x1406219a0(16.1),225,109
0x1406142b0,0x8c034dee,high,sw:86#0#0(9.9) sw:43#0#0(9.9) sw:118#0#0(9.9) sw:105#0#0(9.9) k:86#0(9.9) k:43#0(9.9) k:118#0(9.9) k:105#0(9.9),fingerprint+callgraph,FUN_1406142b0,loc_8c034dee,bank03,anim tick,152.47,runner-up: sh4 0x8c034e8c(33.0) / steam 0x140614420(47.9),34,65
0x140614350,0x8c034f54,low,kl:50#-1(7.9) ko:32(4.9) ko:50(4.7) d:176(2.6) d:187(2.3) d:186(2.1) d:198(2.0) d:12(1.8),fingerprint+callgraph,FUN_140614350,loc_8c034f54,bank03,,25.57,runner-up: sh4 0x8c1294c8(14.6) / steam 0x1401e0160(15.9),44,86
0x140614420,0x8c034e8c,high,sw:86#0#1(9.9) sw:82#0#0(9.9) sw:79#1#0(9.9) sw:46#0#1(9.9) sw:43#0#1(9.9) sw:123#0#1(9.9) sw:111#0#1(9.9) sw:107#0#1(9.9),fingerprint+callgraph,FUN_140614420,loc_8c034e8c,bank03,load animation,389.68,runner-up: sh4 0x8c1294c8(72.3) / steam 0x140614350(40.3),45,87
0x1406146d0,0x8c035162,high,k:48#0(9.9) b:3cd4(6.9) c:ff00(5.5) c:ffff(4.4) ko:48(4.3) d:172(2.3) d:1c(0.9) d:30(0.7),fingerprint+callgraph,FUN_1406146d0,loc_8c035162,bank03,,34.95,runner-up: sh4 0x8c0659fc(20.6) / steam 0x1401616b0(12.3),268,309
0x140614c30,0x8c040a84,high,b:3cc8(10.5) b:3d65(9.8) b:3d43(8.5) b:3cd1(7.9) b:3d04(7.3),fingerprint,FUN_140614c30,loc_8c040a84,bank04,,44.05,runner-up: sh4 0x8c03e730(15.2) / steam 0x14060e560(23.7),32,59
0x140614cc0,0x8c040b20,high,b:3d53(9.4) b:3ce2(8.8) b:3cc4(8.7) b:3c7a(8.7) b:3d43(8.5) b:3cc2(8.4) b:3cc6(8.2) b:3cd0(8.0),fingerprint,FUN_140614cc0,loc_8c040b20,bank04,,131.44,runner-up: sh4 0x8c036590(70.6) / steam 0x140611a20(79.0),152,208
0x140615020,0x8c040788,high,b:698c(10.8) b:6974(10.4) b:6988(9.8) b:3d53(9.4) b:6910(9.2) c:460ca000(9.0) b:3ce2(8.8) b:6960(8.7),fingerprint,FUN_140615020,loc_8c040788,bank04,,208.82,runner-up: sh4 0x8c03a420(105.1) / steam 0x14062bc80(105.1),197,260
0x1406153e0,0x8c0411ce,medium,sw:36#3#0(9.9) kl:36#-1(7.9) ko:36(4.3),fingerprint+callgraph,FUN_1406153e0,loc_8c0411ce,bank04,,22.09,runner-up: sh4 0x8c0357d8(4.3) / steam 0x14322a860(7.4),10,10
0x140615420,0x8c041184,high,sw:212#0#0(9.9) k:212#0(9.9) kl:212#-1(7.9) ko:212(4.9),fingerprint+callgraph,FUN_140615420,loc_8c041184,bank04,,32.58,runner-up: sh4 0x8c116166(8.0) / steam 0x140607e90(7.5),169,37
0x140615760,0x8c040d86,medium,b:3d53(10.2) b:32510(9.8) b:32508(9.8) b:3ce4(9.0) b:32500(8.2) b:3cbb(7.4) b:3db8(6.9) r:30(5.9),fingerprint+callgraph,FUN_140615760,loc_8c040d86,bank04,,77.53,runner-up: sh4 0x8c036994(60.7) / steam 0x140628020(41.1),84,128
0x140615930,0x8c040eec,medium,b:3cc4(9.1) b:3cc6(8.6) b:3cc2(8.6) b:3cbd(7.5) c:14a(7.4) b:3cc0(7.2) b:3cbc(6.8) c:168(5.7),fingerprint+callgraph,FUN_140615930,loc_8c040eec,bank04,,60.85,runner-up: sh4 0x8c036590(47.7) / steam 0x140633250(47.7),58,101
0x1406163e0,0x8c03a004,medium,b:3d65(9.8) c:81d(9.5) c:817(9.5) c:816(9.5) c:81b(9.2) b:3d4c(9.0) c:81c(9.0) c:914(8.6),fingerprint,FUN_1406163e0,loc_8c03a004,bank03,,98.39,runner-up: sh4 0x8c031aac(81.2) / steam 0x1406169f0(18.8),105,148
0x140616910,0x8c039f40,medium,c:81c(9.0) c:810(8.3),fingerprint,FUN_140616910,loc_8c039f40,bank03,,17.24,runner-up: sh4 0x8c031aac(9.0) / steam 0x1406163e0(9.0),14,14
0x1406169f0,0x8c039c64,high,b:3d65(10.8) b:3d4c(9.4) kl:30#-2(7.9) c:200(4.9) ko:20(4.0) ko:30(3.6) r:87(2.6) d:94(1.4),fingerprint+callgraph,FUN_1406169f0,loc_8c039c64,bank03,,46.08,runner-up: sh4 0x8c032526(20.1) / steam 0x140617ca0(21.1),1186,316
0x140617ca0,0x8c039a74,high,b:3d4c(9.5) c:f0000000(9.0) kl:181#-1(7.9) ko:181(4.6),fingerprint+callgraph,FUN_140617ca0,loc_8c039a74,bank03,,30.96,runner-up: sh4 0x8c027ada(16.0) / steam 0x140616960(9.5),501,155
0x140618460,0x8c0273f4,high,sw:8#0#12(9.9) k:8#12(9.9) kl:8#-8(7.9) ko:8(3.4),fingerprint,FUN_140618460,loc_8c0273f4,bank02,,31.12,runner-up: sh4 0x8c039bb8(13.1) / steam 0x14043eda0(6.7),97,47
0x1406188d0,0x8c0312d6,medium,c:3f733333(8.5) c:42c80000(5.9) c:3a83126f(5.4) r:194(4.8),fingerprint+callgraph,FUN_1406188d0,loc_8c0312d6,bank03,,24.64,runner-up: sh4 0x8c0373ac(19.8) / steam 0x140473e80(15.0),87,155
0x140618ab0,0x8c031504,high,c:ff777777(9.9) c:44050000(9.9) c:44040000(9.9) c:43d20000(9.9) c:43d10000(9.9) c:43d00000(9.9) c:43c90000(9.9) c:43a40000(9.9),fingerprint,FUN_140618ab0,loc_8c031504,bank03,,266.83,runner-up: sh4 0x8c03f880(34.3) / steam 0x14005a510(35.7),386,605
0x140619370,0x8c031470,medium,c:43c50000(9.9) c:d50(9.5) c:3f75c28f(9.2) c:3f200000(7.1) ko:0(4.4),fingerprint,FUN_140619370,loc_8c031470,bank03,,40.06,runner-up: sh4 0x8c03f92a(32.9) / steam 0x140849b00(14.3),52,58
0x140619830,0x8c03221a,low,sw:8#0#16(9.9) k:8#16(9.9) kl:8#-4(7.9) ko:8(3.4),fingerprint,FUN_140619830,loc_8c03221a,bank03,,15.56,runner-up: sh4 0x8c036cc6(13.5) / steam 0x14060d470(12.9),3,50
0x140619960,0x8c0310f2,confirmed,CONFIRMED both read: render-mode getter. DC returns *(0x8c26a8e4) (0 if zero); Steam returns *(blk+0x6CE4). Establishes DC 0x8c26a8e4 <-> blk+0x6CE4 (delta 0x8C263C00).,seed,FUN_140619960,loc_8c0310f2,bank03,,999.0,,3,9
0x140619a80,0x8c031008,medium,k:38#3(9.9) kl:38#-9(7.9) ko:38(3.8),fingerprint+callgraph,FUN_140619a80,loc_8c031008,bank03,,21.57,runner-up: sh4 0x8c05a706(3.8) / steam 0x1406b6000(9.8),7,8
0x140619ac0,0x8c031018,medium,sw:38#4#0(9.9) k:38#11(9.9) kl:38#-1(7.9) ko:38(4.2),fingerprint+callgraph,FUN_140619ac0,loc_8c031018,bank03,,15.95,runner-up: sh4 0x8c05a706(4.2) / steam 0x1406b6000(9.9),9,54
0x140619b00,0x8c030fae,high,b:3ce0(9.9) k:386#2(9.9) kl:386#-5(7.9) c:ffffff(5.5) ko:386(4.5),fingerprint+callgraph,FUN_140619b00,loc_8c030fae,bank03,,37.61,runner-up: sh4 0x8c0358be(15.4) / steam 0x140619910(15.4),10,38
0x14061ac50,0x8c02fd26,high,sw:180#0#1(9.9) k:180#1(9.9) b:690a(9.8) b:6909(9.6) kl:180#-5(7.9) ko:180(4.2),fingerprint+callgraph,FUN_14061ac50,loc_8c02fd26,bank02,,51.3,runner-up: sh4 0x8c02e3c8(19.4) / steam 0x14061ce90(19.4),19,30
0x14061ad60,0x8c02fec4,high,sw:16#0#0(9.9) k:16#0(9.9) b:690a(9.6) b:6909(9.4) kl:16#-2(7.9) ko:16(4.6),fingerprint+callgraph,FUN_14061ad60,loc_8c02fec4,bank02,,51.3,runner-up: sh4 0x8c02fde0(19.0) / steam 0x14061ca70(26.3),63,75
0x14061c6e0,0x8c02e014,confirmed,"KB (seed+constants): unique constant set {0x0F4A, 0x422c0000 (43.0), 0xbed1eb85 (-0.41), 0x42be0000 (95), 0x43a00000 (320)} in the pool at 8c02e014..; Steam FUN_14061c6e0 writes the same to blk+0x6914..0x6988 (WORLD-CAMERA-GHIDRA.md s5) | matcher: b:6978(11.0) b:6912(11.0) b:6974(10.8) b:6988(10.5) sw:35#2#0(9.9) k:31#10(9.9) k:30#8(9.9) b:6911(9.8)",kb-seed+constants,FUN_14061c6e0,loc_8c02e014,bank02,,277.34,runner-up: sh4 0x8c0305d8(89.4) / steam 0x14061ca70(221.1),136,160
0x14061ca70,0x8c02e3c8,low,b:690a(9.8) b:6909(9.6) b:690c(9.5) b:690f(9.4) c:42c4cccd(9.2) c:f4a(9.0) b:6918(8.7) b:6908(7.3),fingerprint+callgraph,FUN_14061ca70,loc_8c02e3c8,bank02,,113.04,runner-up: sh4 0x8c0305d8(91.4) / steam 0x14061ce90(96.3),462,70
0x14061ca70,0x8c02e4ac,low,inlined into FUN_14061ca70 (covers 100% of strong tokens): b:690f,inlined,FUN_14061ca70,loc_8c02e4ac,bank02,,0,,462,16
0x14061ca70,0x8c02fa88,low,inlined into FUN_14061ca70 (covers 100% of strong tokens): b:6908 b:690e,inlined,FUN_14061ca70,loc_8c02fa88,bank02,,0,,462,27
0x14061ca70,0x8c02fde0,low,inlined into FUN_14061ca70 (covers 85% of strong tokens): b:324e0 b:6908 b:6909 b:690a,inlined,FUN_14061ca70,loc_8c02fde0,bank02,,0,,462,102
0x14061ca70,0x8c0300ba,low,inlined into FUN_14061ca70 (covers 72% of strong tokens): b:6908 b:6914 b:6918 c:42c4cccd c:43700000 c:43a00000,inlined,FUN_14061ca70,loc_8c0300ba,bank02,,0,,462,37
0x14061d5b0,0x8c02e334,high,sw:4#0#0(9.9) k:4#0(9.9) c:3faaaaab(7.8) c:463b8000(7.7) c:4000(5.4) ko:4(4.7),fingerprint,FUN_14061d5b0,loc_8c02e334,bank02,,45.43,runner-up: sh4 0x8c030724(15.5) / steam 0x1406318f0(27.0),19,34
0x14061d620,0x8c02e378,high,c:1e94(9.5) b:695c(8.8) c:3faaaaab(8.2) c:463b8000(8.1) c:3dcccccd(6.2) r:77(5.9) r:101(5.9) r:112(5.7),fingerprint+callgraph,FUN_14061d620,loc_8c02e378,bank02,,68.04,runner-up: sh4 0x8c030724(40.7) / steam 0x1406318f0(32.2),23,40
0x14061d6a0,0x8c02e246,confirmed,"CONFIRMED both read: camera x0.1 (lists 7/8/9). DC: eye +0xC/10/14, look-at +0x54/58/5C scaled by 0x3dcccccd (0.1), fov +0x6C: fov*32768(0x47800000)/360(0x43b40000)+0.5 & 0xffff, near/far +0x80/+0x84; Steam FUN_14061d6a0 same sequence on blk+0x6914.. with the same constants.",seed,FUN_14061d6a0,loc_8c02e246,bank02,,999.0,,52,90
0x14061d7e0,0x8c02e1a4,confirmed,"CONFIRMED both read: camera x1 (deck, lists 5/6). DC loc_8c02e1a4: eye 0x8c26a518+0xC/10/14 and look-at +0x54/58/5C copied unscaled to the stack, then 8c1204f0(3), 8c121100, 8c121710(0, +0x80), 8c1219b0(fov: +0x6C*32768/360+0.5 & 0xffff), 8c1204f0(2), 8c121100, 8c11ff90(eye, lookat, +0x84), 8c1204f0(1). Steam FUN_14061d7e0: blk+0x6914/18/1C, 0x695C/60/64, FUN_140846e90(3), FUN_140847ca0, FUN_140848200(0, blk+0x6988), FUN_140847f20(fov from blk+0x6974 same formula), FUN_140846e90(2), FUN_140847ca0, FUN_140846c80(.., blk+0x698C), FUN_140846e90(1). Camera block delta 0x8C263C10.",seed,FUN_14061d7e0,loc_8c02e1a4,bank02,,999.0,,45,81
0x14061dbe0,0x8c044f12,confirmed,"CONFIRMED both read: node alloc = free-list pop + constructor-table dispatch. DC: 8c044f12 tests free count 0x8c287ae8>0 then 8c044f26: pop head (0x8c287a54, next=+0x8), dec both free counts, inc per-list count (table 0x8c045018), memset-like jsr, node+3=list, ctor table 0x8c045020[kind]. Steam FUN_14061dbe0: *(blk+0x2EEE4)>0 && *(0x2EEE6)!=0, pop blk+0x2EDD8, dec counts, inc blk+0x2EEC8[L], memset(node,0,0x280), node+3=L, PTR_caseD_4_140a6e5c8[kind].",seed,FUN_14061dbe0,loc_8c044f12,bank04,"TA poly-record ALLOCATOR (called by every HUD sub-builder, r5=list 0x0B r6=1)",999.0,,59,10
0x14061dbe0,0x8c044f26,confirmed,alloc body (free-list pop + ctor dispatch),seed-inlined,FUN_14061dbe0,loc_8c044f26,bank04,,0,,59,62
0x14061de60,0x8c10589a,medium,sw:144#0#0(9.9) k:144#0(9.9) ko:144(4.6),fingerprint+callgraph,FUN_14061de60,loc_8c10589a,bank10,,24.34,runner-up: sh4 0x8c029e44(9.3) / steam 0x14073da50(13.4),48,85
0x14061df40,0x8c0450c0,confirmed,"CONFIRMED both read: node unlink + return to free list. DC: clears byte +0x12C (mov.w pool 0x012c), fixes prev/next (+0x8/+0xC) or heads/tails tables, dec per-list count, push on free list; 468 DC call sites. Steam FUN_14061df40: +0x170=0, prev/next +0x8/+0x10, blk+0x2EDE8/0x2EE58 tables, dec blk+0x2EEC8[L], free tail blk+0x2EDE0, inc blk+0x2EEE4/6.",seed,FUN_14061df40,loc_8c0450c0,bank04,,999.0,,48,67
0x14061e030,0x8c044e56,high,b:2eec8(11.0) b:2ee58(10.5) b:2ede8(9.9) sw:74#0#0(9.9) k:74#0(9.9) kl:74#-1(7.9) ko:74(4.9),fingerprint+callgraph,FUN_14061e030,loc_8c044e56,bank04,,64.08,runner-up: sh4 0x8c044fe0(20.5) / steam 0x14061d900(31.5),63,36
0x14061e170,0x8c044d8c,confirmed,"CONFIRMED both read: pool + render-state init. DC: bsr 8c044dce (pool init) then 5 memsets (r6 = 0x0C, w, w, 0x18, 0x10) and two byte clears. Steam FUN_14061e170: pool init inline (256 x 0x280 from blk+0x6DD8, free head/tail blk+0x2EDD8/E0, 14 heads/tails/counts, 0xF6/0x100), then zero blk+0x6CC4/0x6CCC, memset(blk+0x6908,0x180), memset(blk+0x6A88,0x22C), zero 0x6CE4/0x6CEC, DAT_142edf543=0, DAT_142edf546=0.",seed,FUN_14061e170,loc_8c044d8c,bank04,,999.0,,152,33
0x14061e170,0x8c044dce,confirmed,"object-pool initializer: base 0x8c26aa54 stride 0x1D0 x256 (consts 0x1d000/0x1ce30), free head/tail 0x8c287a54/58, heads 0x8c287a5c, tails 0x8c287a94, counts 0x8c287acc, free counts 0x8c287ae8=0xF6 /aea=0x100 -- pointer-scaled onto blk+0x2EDD8..",seed-inlined,FUN_14061e170,loc_8c044dce,bank04,object-pool initializer,0,,152,68
0x14061e880,0x8c047594,medium,kl:37#-1(7.9) c:1b0(6.5) ko:37(4.5) d:578(1.7),fingerprint+callgraph,FUN_14061e880,loc_8c047594,bank04,,20.67,runner-up: sh4 0x8c046756(14.4) / steam 0x1401326e0(6.6),23,52
0x14061e9d0,0x8c0473b0,medium,b:3d39(8.8) b:3ce1(8.7) b:3ce6(8.6) b:3d43(8.5) b:3d3c(7.4) b:3db8(6.8),fingerprint,FUN_14061e9d0,loc_8c0473b0,bank04,,48.72,runner-up: sh4 0x8c036994(31.6) / steam 0x14060e170(40.1),59,202
0x14061f030,0x8c043cdc,high,b:3d62(10.2) b:324e4(10.2) b:32520(10.1) b:32510(9.6) b:32534(9.5) b:324e5(9.2) b:3d50(9.2) c:bff0(8.3),fingerprint,FUN_14061f030,loc_8c043cdc,bank04,,104.26,runner-up: sh4 0x8c045e74(49.9) / steam 0x140628020(40.8),470,122
0x14061f030,0x8c044c4a,medium,inlined into FUN_14061f030 (covers 100% of strong tokens): b:324e0 b:32500 b:32510,inlined,FUN_14061f030,loc_8c044c4a,bank04,,0,,470,25
0x14061f030,0x8c043e30,low,inlined into FUN_14061f030 (covers 100% of strong tokens): b:32500 b:3cd4,inlined,FUN_14061f030,loc_8c043e30,bank04,,0,,470,84
0x14061f030,0x8c043fb8,low,inlined into FUN_14061f030 (covers 71% of strong tokens): b:324e0 b:32500 b:3db8,inlined,FUN_14061f030,loc_8c043fb8,bank04,,0,,470,65
0x14061f030,0x8c044944,low,inlined into FUN_14061f030 (covers 81% of strong tokens): b:324e0 b:32500 b:32520 c:bff0,inlined,FUN_14061f030,loc_8c044944,bank04,,0,,470,105
0x14061f030,0x8c044ccc,low,inlined into FUN_14061f030 (covers 66% of strong tokens): b:3d50 b:3db8,inlined,FUN_14061f030,loc_8c044ccc,bank04,,0,,470,80
0x140620070,0x8c04419c,low,c:43cdb6db(8.4) c:43055555(7.5) c:c1092492(7.4) c:41555555(5.6) c:bf4db6db(4.6) r:155(2.7) r:154(1.5) d:170(1.0),fingerprint+callgraph,FUN_140620070,loc_8c04419c,bank04,,43.14,runner-up: sh4 0x8c044882(36.8) / steam 0x1406e09a0(30.7),50,122
0x140620200,0x8c045ce0,high,b:6cc4(10.4) b:6cb0(9.5) b:6cac(9.5) b:6ca8(9.5) b:6d04(8.2),fingerprint,FUN_140620200,loc_8c045ce0,bank04,,47.17,runner-up: sh4 0x8c03e97c(29.6) / steam 0x14061f030(33.8),102,107
0x140620200,0x8c108426,low,inlined into FUN_140620200 (covers 100% of strong tokens): b:6cc4 b:6d04,inlined,FUN_140620200,loc_8c108426,bank10,,0,,102,50
0x140620740,0x8c0301ce,confirmed,"CONFIRMED both read: list matrix walker. DC: heads table 0x8c287a5c[L] (== blk+0x2EDE8+L*8), per node bsr 8c0301f6, next = +0xC (== Steam +0x10). Steam FUN_140620740(L): same loop with the per-node matrix compose inlined.",seed,FUN_140620740,loc_8c0301ce,bank03,,999.0,,111,20
0x140620740,0x8c0301f6,confirmed,"per-node matrix compose (push, parent matrix, translate/billboard/rotate/scale, store +0xA8, pop)",seed-inlined,FUN_140620740,loc_8c0301f6,bank03,,0,,111,220
0x140620960,0x8c030858,confirmed,"CONFIRMED both read: per-frame render dispatcher. DC: jsr 8c0310f2 (mode) -> mode1: 8c030d56 | mode0: 8c0308c2 walker, test G+0x98 blackout (mov.w 0x98), 8c030cc0 deck+list5, 8c030d12, 8c030d24, 8c030d36, 8c030dcc HUD; then G+0x2E==1 -> jmp 8c031470. Steam FUN_140620960: FUN_140619960 mode, FUN_140620f10, *(G+0x98)==0, blk+0x6D04!=8, camera/push/identity/colour/model0/pop, lists 5,6,7,8, FUN_140620ea0; g_offs 0x3CE6 (=G+0x2E).",seed,FUN_140620960,loc_8c030858,bank03,,999.0,,83,53
0x140620960,0x8c030cc0,confirmed,"deck draw block: STG_ID!=8 -> 8c02e1a4 camera, 8c120950(0) push, 8c121100 identity, 8c030cfc colour, 8c1235e0(model0), 8c120900(1) pop; then bsr list-5 trio == the inline block at 0x140620a4c.. in FUN_140620960",seed-inlined,FUN_140620960,loc_8c030cc0,bank03,,0,,83,30
0x140620960,0x8c030cfc,confirmed,"loads deck vertex colour fr4/5/6 from 0x8c26a8a4+4/8/C -> Steam FUN_140849b00(blk+0x6CA8,0x6CAC,0x6CB0)",seed-inlined,FUN_140620960,loc_8c030cfc,bank03,,0,,83,11
0x140620960,0x8c030d12,confirmed,list 5 trio: 8c02e1a4 camera + 8c0301ce(5) + 8c030410(5) == FUN_14061d7e0; FUN_140620740(5); FUN_140620cd0(5),seed-inlined,FUN_140620960,loc_8c030d12,bank03,,0,,83,9
0x140620960,0x8c030d24,confirmed,list 6 trio (camera x1),seed-inlined,FUN_140620960,loc_8c030d24,bank03,,0,,83,9
0x140620960,0x8c030d36,confirmed,lists 7 and 8 with 8c02e246 camera x0.1 == FUN_14061d6a0 path,seed-inlined,FUN_140620960,loc_8c030d36,bank03,,0,,83,16
0x140620960,0x8c030d56,confirmed,mode-1 path: 8c02e246 camera x0.1 + list 9,seed-inlined,FUN_140620960,loc_8c030d56,bank03,,0,,83,30
0x140620bb0,0x8c03069e,low,r:208(5.2) r:194(4.8) r:3(4.7) r:2(4.7) r:119(4.6),fingerprint+callgraph,FUN_140620bb0,loc_8c03069e,bank03,,24.02,runner-up: sh4 0x8c030818(14.0) / steam 0x140620c30(14.0),24,32
0x140620c70,0x8c030df0,low,b:6cd8(11.8) r:208(5.4),fingerprint+callgraph,FUN_140620c70,loc_8c030df0,bank03,,17.21,runner-up: sh4 0x8c037a46(2.7) / steam 0x1406138e0(5.4),16,19
0x140620cd0,0x8c030410,confirmed,"CONFIRMED both read: list draw walker. DC: per node test +woff(0x12c) gate and +woff(obj) then optional +0x28 callback (8c0305ce) and 8c030452 draw; Steam FUN_140620cd0: +0x170 && +0xA0, optional +0x40 callback, draw body inlined.",seed,FUN_140620cd0,loc_8c030410,bank03,,999.0,,100,33
0x140620cd0,0x8c030452,confirmed,"per-node draw body (push, load +0xA8 matrix, scale, colour select, draw kind, pop)",seed-inlined,FUN_140620cd0,loc_8c030452,bank03,,0,,100,101
0x140620cd0,0x8c0305ce,confirmed,call node +0x28 callback (== Steam node +0x40 callback),seed-inlined,FUN_140620cd0,loc_8c0305ce,bank03,,0,,100,5
0x140620cd0,0x8c030550,medium,inlined into FUN_140620cd0 (covers 87% of strong tokens): b:6ca8 b:6cac b:6cb0 c:800,inlined,FUN_140620cd0,loc_8c030550,bank03,,0,,100,61
0x140620ea0,0x8c030dcc,confirmed,"CONFIRMED both read: HUD (list 0xB) then list 0xC. DC: 8c02e334 camera + 8c0301ce(0xB) + 8c030410(0xB); *(G+0x14)==0x40 skip else 8c030d68 walks heads[12]=0x8c287a8c (== blk+0x2EE48) nodes with +0x12C gate and jsr 8c0f215e. Steam: FUN_14061d5b0, FUN_140620740(0xB), FUN_140620cd0(0xB), *(G+0x14)!=0x40 -> walk blk+0x2EE48 with +0x170 -> FUN_140653a70.",seed,FUN_140620ea0,loc_8c030dcc,bank03,,999.0,,25,18
0x140620f10,0x8c0308c2,confirmed,"CONFIRMED both read: sprite walker over the 16 draw lists. DC: handles 0x8c287de0 stride 0x180 (mov.w 0x0180), counts 0x8c2895e0, node+3 category==0 -> 8c03093c else 8c030af8. Steam: blk+0x2F4D0 stride 0x300, counts blk+0x324D0, node+3, +0x170 gate, both render bodies inlined (812.357 / 480 / 640 / 1000 / 0.1 / 0.001 constants present on both sides).",seed,FUN_140620f10,loc_8c0308c2,bank03,Render_sprites (slot-table walker),999.0,,245,48
0x140620f10,0x8c03093c,confirmed,Render Main Sprite: +0x12C draw gate == Steam +0x170; camera constant 812.357 (0x444b16de) at bank03.asm:1513 == blk+0x691C,seed-inlined,FUN_140620f10,loc_8c03093c,bank03,"Render Main Sprite (PER-FRAME, per-object)",0,,245,180
0x140620f10,0x8c030af8,confirmed,"effect-path renderer (category!=0), same constant set, stride 0x5A4 == Steam 0x738",seed-inlined,FUN_140620f10,loc_8c030af8,bank03,,0,,245,193
0x140621430,0x8c045790,high,b:324e1(8.8) c:42009249(8.6) b:324e0(6.3) c:1fff(5.7),fingerprint,FUN_140621430,loc_8c045790,bank04,,29.43,runner-up: sh4 0x8c05b642(20.8) / steam 0x1406215c0(20.8),44,80
0x1406215c0,0x8c05b642,high,b:324e1(9.1) b:324e0(6.5) c:1fff(5.7),fingerprint+callgraph,FUN_1406215c0,loc_8c05b642,bank05,,21.35,runner-up: sh4 0x8c046bc4(15.6) / steam 0x140621690(12.3),28,47
0x140621630,0x8c045748,high,sw:118#0#2(9.9) k:118#2(9.9) b:2f4c8(9.7) b:2eee8(9.4) kl:118#-1(7.9) kl:109#-1(7.9) ko:118(4.4) ko:109(4.2),fingerprint+callgraph,FUN_140621630,loc_8c045748,bank04,,63.26,runner-up: sh4 0x8c045250(19.1) / steam 0x1406142b0(21.9),17,36
0x140621960,0x8c045708,high,b:2f4ca(10.3) b:2f4c8(10.0) sw:142#2#1(9.9) ko:142(3.9),fingerprint+callgraph,FUN_140621960,loc_8c045708,bank04,,34.16,runner-up: sh4 0x8c03068c(11.1) / steam 0x140613cd0(20.4),9,20
0x140622720,0x8c0505b8,low,b:324e0(6.5) c:3f0(6.4) c:3c00(6.4) d:186(2.1) d:578(1.8) r:161(1.4),fingerprint+callgraph,FUN_140622720,loc_8c0505b8,bank05,,24.67,runner-up: sh4 0x8c050610(21.1) / steam 0x1406226b0(21.1),39,44
0x140622910,0x8c04fea8,high,sw:365#1#0(9.9) sw:364#0#0(9.9) k:365#2(9.9) k:364#0(9.9) kl:365#-12(7.9) ko:364(4.7) c:3fd55555(4.3) ko:365(4.0),fingerprint+callgraph,FUN_140622910,loc_8c04fea8,bank04,,63.2,runner-up: sh4 0x8c052dac(6.3) / steam 0x14059d4e0(13.7),44,89
0x1406229f0,0x8c0511b4,medium,sw:48#2#0(9.9) kl:48#-1(7.9) ko:48(4.7) d:58(1.0) d:50(0.6),fingerprint+callgraph,FUN_1406229f0,loc_8c0511b4,bank05,,24.07,runner-up: sh4 0x8c05218a(5.3) / steam 0x143272640(7.8),13,23
0x140622a50,0x8c04f9be,high,sw:264#0#0(9.9) k:264#0(9.9) kl:264#-2(7.9) c:41d55555(6.0) ko:264(4.6) d:50(0.6),fingerprint+callgraph,FUN_140622a50,loc_8c04f9be,bank04,,38.84,runner-up: sh4 0x8c052e4e(6.6) / steam 0x14063e5d0(11.3),28,46
0x140622ae0,0x8c04f974,high,sw:264#0#1(9.9) k:264#1(9.9) kl:264#-1(7.9) c:42555555(6.0) ko:264(4.6) d:50(0.6),fingerprint+callgraph,FUN_140622ae0,loc_8c04f974,bank04,,38.86,runner-up: sh4 0x8c07ad94(6.6) / steam 0x14063e5d0(11.3),23,37
0x140622b60,0x8c04f6e8,high,sw:130#0#0(9.9) k:130#0(9.9) kl:130#-1(7.9) c:7000000(6.2) ko:130(4.9) c:40092492(4.5) c:3fd55555(4.3) d:6c(1.0),fingerprint+callgraph,FUN_140622b60,loc_8c04f6e8,bank04,,50.76,runner-up: sh4 0x8c04ec0c(16.3) / steam 0x14063e4a0(30.2),146,308
0x140622e10,0x8c04f628,high,b:324e6(8.2) kl:57#-6(7.9) b:3db8(6.9) ko:57(3.8),fingerprint+callgraph,FUN_140622e10,loc_8c04f628,bank04,,26.86,runner-up: sh4 0x8c043fb8(20.6) / steam 0x14074c4c0(16.1),58,84
0x140623100,0x8c04ecee,high,b:3dba(10.7) b:32500(8.3) kl:266#-2(7.9) b:3db8(7.1) ko:266(4.6),fingerprint+callgraph,FUN_140623100,loc_8c04ecee,bank04,,38.66,runner-up: sh4 0x8c043ef4(26.2) / steam 0x140628020(21.9),114,26
0x140623350,0x8c04d000,high,c:bd555555(8.0) c:3d555555(7.7) c:c00(5.6) c:800(4.9),fingerprint,FUN_140623350,loc_8c04d000,bank04,,26.28,runner-up: sh4 0x8c0507f0(14.4) / steam 0x1407e6210(16.9),19,31
0x1406233b0,0x8c04eafc,high,sw:142#2#0(9.9) b:3d10(8.8) c:40092492(4.5) c:3fd55555(4.3) ko:142(3.9) d:580(2.0) r:154(1.5) d:170(1.0),fingerprint+callgraph,FUN_1406233b0,loc_8c04eafc,bank04,,35.92,runner-up: sh4 0x8c04ef28(16.8) / steam 0x1407ee200(17.2),117,94
0x140623f80,0x8c04f2ac,medium,c:bff0(8.5) c:c00(5.7) c:12c(4.0) d:57e(3.3) r:87(2.6) d:57c(2.4) d:578(1.7),fingerprint+callgraph,FUN_140623f80,loc_8c04f2ac,bank04,,28.31,runner-up: sh4 0x8c04fc20(14.2) / steam 0x14060c070(23.3),69,44
0x1406240d0,0x8c04fe7c,medium,c:403aaaaa(8.5) c:c0200000(6.9) c:400(4.7) d:78(0.7),fingerprint,FUN_1406240d0,loc_8c04fe7c,bank04,,20.78,runner-up: sh4 0x8c047f8e(10.4) / steam 0x140747950(16.1),11,22
0x140624440,0x8c0502a4,high,c:420c0000(8.3) b:6914(7.2) c:3f0(6.4) c:42555555(6.0) r:192(3.4) r:155(2.7) d:578(1.7) d:54(0.7),fingerprint+callgraph,FUN_140624440,loc_8c0502a4,bank05,,36.99,runner-up: sh4 0x8c0514d0(16.3) / steam 0x1407913a0(28.1),145,273
0x140624b60,0x8c050048,high,sw:365#1#1(9.9) k:365#3(9.9) kl:365#-11(7.9) c:40092492(4.5) ko:365(4.0) d:88(0.9) d:7c(0.8),fingerprint+callgraph,FUN_140624b60,loc_8c050048,bank05,,37.79,runner-up: sh4 0x8c052974(4.0) / steam 0x1406302a0(10.6),16,50
0x140624cc0,0x8c04fd92,high,c:3fa00000(7.2) b:690e(6.6) b:690d(6.6) c:3fd55555(4.3) d:18f(1.8) d:185(1.1) d:78(0.7),fingerprint,FUN_140624cc0,loc_8c04fd92,bank04,,28.18,runner-up: sh4 0x8c051bec(13.3) / steam 0x14061ca70(20.2),40,89
0x140624ed0,0x8c05000a,high,sw:407#2#0(9.9) k:407#2(9.9) c:c1ab6db6(8.4) kl:407#-4(7.9) ko:407(4.9) d:7c(0.8),fingerprint+callgraph,FUN_140624ed0,loc_8c05000a,bank04,,41.73,runner-up: sh4 0x8c048aa2(4.6) / steam 0x14067bbd0(9.2),9,14
0x140626bb0,0x8c0469c8,medium,b:3d40(8.7) c:186(8.4),fingerprint,FUN_140626bb0,loc_8c0469c8,bank04,,17.12,runner-up: sh4 0x8c042eea(8.7) / steam 0x14062d040(10.5),25,37
0x140626c20,0x8c04669c,medium,b:3d50(9.2) b:3d3c(7.4) r:14(4.9),fingerprint,FUN_140626c20,loc_8c04669c,bank04,,21.43,runner-up: sh4 0x8c046ddc(12.3) / steam 0x14060f0a0(17.1),84,93
0x140626c20,0x8c046756,low,inlined into FUN_140626c20 (covers 100% of strong tokens): b:3d3c,inlined,FUN_140626c20,loc_8c046756,bank04,,0,,84,42
0x140626db0,0x8c045ffe,high,b:6cc8(9.9) b:3d63(9.6) b:3d50(9.2) b:3cd1(7.9) b:3db8(6.8) c:1a4(6.8) c:12c(4.0),fingerprint,FUN_140626db0,loc_8c045ffe,bank04,,54.15,runner-up: sh4 0x8c03dcba(25.4) / steam 0x14060f0a0(34.7),59,71
0x140626eb0,0x8c046912,high,b:3d63(10.7) b:3d05(9.2) c:3000000(6.9) r:174(5.5),fingerprint+callgraph,FUN_140626eb0,loc_8c046912,bank04,,32.37,runner-up: sh4 0x8c046baa(18.8) / steam 0x140628020(24.2),64,76
0x140627230,0x8c04611c,medium,b:3d63(10.4) c:bff0(8.5) r:88(4.6),fingerprint+callgraph,FUN_140627230,loc_8c04611c,bank04,,23.45,runner-up: sh4 0x8c03d7a8(10.4) / steam 0x140615760(11.5),51,85
0x140627390,0x8c0467ce,high,b:3d63(9.6) c:3000000(6.9) c:1b0(6.5) c:168(5.7) d:578(1.7) d:48(1.0) d:28(0.8) d:20(0.7),fingerprint,FUN_140627390,loc_8c0467ce,bank04,,32.93,runner-up: sh4 0x8c0463aa(18.2) / steam 0x140626eb0(17.2),84,144
0x1406276d0,0x8c046c74,low,b:3d40(9.0) b:3d10(9.0) b:324e0(6.5) c:7000000(6.2) r:197(2.9) r:155(2.7),fingerprint+callgraph,FUN_1406276d0,loc_8c046c74,bank04,,36.29,runner-up: sh4 0x8c046bc4(30.7) / steam 0x14060f0a0(26.9),55,115
0x1406277b0,0x8c0463aa,high,b:3d5c(10.1) c:aaaa(9.9) c:70000000(9.9) c:50000000(9.9) b:3d63(9.6) b:3d50(9.2) b:3d40(8.7) c:30000000(8.6),fingerprint,FUN_1406277b0,loc_8c0463aa,bank04,,111.83,runner-up: sh4 0x8c03de54(41.6) / steam 0x14060e170(60.4),247,314
0x1406277b0,0x8c047278,low,inlined into FUN_1406277b0 (covers 100% of strong tokens): b:3d04,inlined,FUN_1406277b0,loc_8c047278,bank04,,0,,247,53
0x140627c50,0x8c046ddc,high,b:3d6a(9.3) b:3d10(8.7) b:3ce1(8.7) b:3d43(8.5) b:3d3c(7.4) b:3d04(7.3) r:14(4.9),fingerprint,FUN_140627c50,loc_8c046ddc,bank04,,54.7,runner-up: sh4 0x8c03de54(33.2) / steam 0x14060e170(40.0),200,370
0x1406281a0,0x8c047218,high,sw:135#1#0(9.9) k:135#1(9.9) b:3d6a(9.4) kl:135#-1(7.9) ko:135(4.9),fingerprint+callgraph,FUN_1406281a0,loc_8c047218,bank04,,42.01,runner-up: sh4 0x8c0430d0(13.8) / steam 0x14062e4f0(9.4),78,29
0x140628320,0x8c045fd0,high,b:3d66(10.4) b:3d5e(9.0) b:324e0(6.4) r:26(5.9) ko:42(3.1),fingerprint+callgraph,FUN_140628320,loc_8c045fd0,bank04,,34.75,runner-up: sh4 0x8c038028(25.7) / steam 0x14063afd0(15.4),28,23
0x140628570,0x8c0409e0,high,b:3d44(8.5) b:3d46(8.3) kl:42#-1(7.9) b:3cbc(6.8) ko:42(3.1),fingerprint+callgraph,FUN_140628570,loc_8c0409e0,bank04,,34.63,runner-up: sh4 0x8c03bbe2(23.6) / steam 0x1406297f0(23.6),25,37
0x140628570,0x8c0306de,low,inlined into FUN_140628570 (covers 100% of strong tokens): b:3d46,inlined,FUN_140628570,loc_8c0306de,bank03,,0,,25,26
0x140628570,0x8c040d60,low,inlined into FUN_140628570 (covers 100% of strong tokens): b:3cbc,inlined,FUN_140628570,loc_8c040d60,bank04,,0,,25,19
0x140628570,0x8c041588,low,inlined into FUN_140628570 (covers 100% of strong tokens): b:3d46,inlined,FUN_140628570,loc_8c041588,bank04,,0,,25,9
0x1406285f0,0x8c0402a4,medium,c:45dac000(9.5) b:6960(8.7) b:6964(8.7) c:44610000(8.6) b:695c(8.6) b:691c(8.5) b:6918(8.4) b:3cc6(8.2),fingerprint,FUN_1406285f0,loc_8c0402a4,bank04,,123.68,runner-up: sh4 0x8c03a420(96.8) / steam 0x14062bc80(94.1),138,207
0x1406289c0,0x8c040564,high,b:3cc6(8.2) c:430c0000(8.0) b:3cc0(7.0) b:3cbc(6.7),fingerprint,FUN_1406289c0,loc_8c040564,bank04,,29.86,runner-up: sh4 0x8c0126cc(21.8) / steam 0x140610870(21.8),43,70
0x14062bc80,0x8c03a420,medium,b:3d52(9.9) c:44870000(9.9) b:6988(9.8) c:433e0000(9.2) b:6910(9.2) c:444b16de(9.0) b:6960(8.7) b:6964(8.7),fingerprint,FUN_14062bc80,loc_8c03a420,bank03,,241.75,runner-up: sh4 0x8c03c134(190.7) / steam 0x140629890(181.4),316,424
0x14062bc80,0x8c03bbe2,medium,inlined into FUN_14062bc80 (covers 89% of strong tokens): b:3cbc b:3cc0 b:3cd1 b:3d3c b:3d44 b:3d45 b:3d46,inlined,FUN_14062bc80,loc_8c03bbe2,bank03,,0,,316,108
0x14062bc80,0x8c03c06a,medium,inlined into FUN_14062bc80 (covers 85% of strong tokens): b:3cbc b:3d3c b:3d44 b:3d45 b:3d46,inlined,FUN_14062bc80,loc_8c03c06a,bank03,,0,,316,65
0x14062bc80,0x8c0305d8,low,inlined into FUN_14062bc80 (covers 100% of strong tokens): b:3d46,inlined,FUN_14062bc80,loc_8c0305d8,bank03,,0,,316,39
0x14062bc80,0x8c03ba4a,low,inlined into FUN_14062bc80 (covers 65% of strong tokens): b:3cbc b:3d44,inlined,FUN_14062bc80,loc_8c03ba4a,bank03,,0,,316,62
0x14062bc80,0x8c03bce8,low,inlined into FUN_14062bc80 (covers 68% of strong tokens): b:3cbb b:3cbc b:3cbd b:3cbe b:3cbf b:3cc0 b:3cd1 b:3d3c,inlined,FUN_14062bc80,loc_8c03bce8,bank03,,0,,316,386
0x14062cd50,0x8c031f24,high,sw:35#1#2(9.9) sw:30#1#2(9.9) k:30#3(9.9) kl:35#-13(7.9) ko:35(3.6) ko:30(3.6),fingerprint+callgraph,FUN_14062cd50,loc_8c031f24,bank03,,44.71,runner-up: sh4 0x8c0357d8(8.5) / steam 0x14062cd70(25.0),3,6
0x14062cd70,0x8c031f10,high,sw:35#1#1(9.9) sw:30#1#1(9.9) k:30#2(9.9) kl:35#-14(7.9) ko:35(3.6) ko:30(3.6) ko:17(3.4),fingerprint+callgraph,FUN_14062cd70,loc_8c031f10,bank03,,48.15,runner-up: sh4 0x8c031f24(25.0) / steam 0x14062cda0(28.4),8,10
0x14062cda0,0x8c031ef8,high,sw:35#1#0(9.9) sw:31#1#0(9.9) sw:30#1#0(9.9) k:30#1(9.9) kl:35#-15(7.9) ko:31(3.6) ko:35(3.6) ko:30(3.6),fingerprint+callgraph,FUN_14062cda0,loc_8c031ef8,bank03,,61.65,runner-up: sh4 0x8c030f24(32.0) / steam 0x140610710(16.8),19,12
0x14062cfe0,0x8c0f9924,medium,sw:331#0#0(9.9) k:331#0(9.9) ko:331(4.6),fingerprint+callgraph,FUN_14062cfe0,loc_8c0f9924,bank0f,,24.32,runner-up: sh4 0x8c0fa2ec(4.6) / steam 0x14062d9c0(4.6),20,32
0x14062d9c0,0x8c0fa2ec,medium,sw:331#0#1(9.9) k:331#1(9.9) ko:331(4.6),fingerprint+callgraph,FUN_14062d9c0,loc_8c0fa2ec,bank0f,,24.32,runner-up: sh4 0x8c0f9924(4.6) / steam 0x14062cfe0(4.6),20,32
0x140632370,0x8c03ee92,low,c:460c8800(9.9) b:3ce2(8.8) b:3c7a(8.7) b:3cc6(8.2) b:3cd0(8.0) c:40c00000(7.9) b:3c66(7.5) b:3cbb(7.3),fingerprint,FUN_140632370,loc_8c03ee92,bank03,,73.3,runner-up: sh4 0x8c040b20(48.2) / steam 0x140614cc0(63.3),83,226
0x140632660,0x8c03ffe4,medium,c:3cf5c28f(8.8) c:811(7.7) c:bf000000(7.1) c:3c23d70a(6.1) r:6(2.2) d:a0(1.3) d:74(1.2) d:170(1.0),fingerprint,FUN_140632660,loc_8c03ffe4,bank03,,38.84,runner-up: sh4 0x8c040194(30.1) / steam 0x14073e8a0(17.5),22,46
0x140632920,0x8c0400ce,high,c:1005(8.8) c:3ecccccd(7.4) c:41700000(6.6) c:41a00000(5.9) r:6(2.2) d:154(2.0) d:134(2.0) d:148(1.7),fingerprint,FUN_140632920,loc_8c0400ce,bank03,,38.9,runner-up: sh4 0x8c03f790(28.7) / steam 0x14048f2e0(22.0),22,47
0x1406329e0,0x8c03f2b6,low,b:3c7a(9.0) b:3cc6(8.7) b:3d3c(7.7) b:3cbd(7.6) b:3c66(7.6) c:1e0(6.9) r:255(5.9) c:ff000000(5.6),fingerprint+callgraph,caseD_1,loc_8c03f2b6,bank03,,63.08,runner-up: sh4 0x8c03f6d8(53.5) / steam 0x140632ac0(50.3),47,58
0x140632b70,0x8c03f3a8,high,c:43980000(9.9) c:912(9.5) c:43f80000(9.5) c:1005(8.8) b:3c7a(8.7) c:910(8.4) c:3f8ccccd(8.0) b:3c66(7.5),fingerprint,caseD_3,loc_8c03f3a8,bank03,,116.41,runner-up: sh4 0x8c03f6d8(60.3) / steam 0x14061d900(40.1),209,258
0x140632b70,0x8c03f880,medium,inlined into caseD_3 (covers 91% of strong tokens): c:3e000000 c:3e800000 c:3f8ccccd c:43f80000 c:912,inlined,caseD_3,loc_8c03f880,bank03,,0,,209,85
0x140632b70,0x8c03fad0,medium,inlined into caseD_3 (covers 86% of strong tokens): c:1005 c:3f8ccccd c:42000000,inlined,caseD_3,loc_8c03fad0,bank03,,0,,209,70
0x140633040,0x8c03f790,high,b:3cbd(7.5) b:3cc0(7.2) r:94(5.9) r:104(5.9) c:ff000000(5.6),fingerprint+callgraph,caseD_5,loc_8c03f790,bank03,,32.1,runner-up: sh4 0x8c03f600(20.2) / steam 0x14061d900(24.3),36,27
0x140633250,0x8c03f7c6,low,b:3cc4(9.2) b:3cc2(8.7) b:3cc6(8.6) b:3cbd(7.6) b:3cbe(7.5) b:3cbb(7.5) b:3cba(7.3) b:3cc0(7.3),fingerprint+callgraph,FUN_140633250,loc_8c03f7c6,bank03,,97.6,runner-up: sh4 0x8c03f6d8(76.2) / steam 0x140611a20(83.2),34,72
0x140633300,0x8c03f0fa,high,c:460ca000(9.0) b:3cc4(8.7) c:1770(8.6) b:3cc2(8.4) b:3cc6(8.2) b:3cd1(7.9) b:3cbe(7.4) b:3cbd(7.3),fingerprint,FUN_140633300,loc_8c03f0fa,bank03,,86.1,runner-up: sh4 0x8c03ebda(61.5) / steam 0x140633250(60.6),83,125
0x140635ad0,0x8c0530d8,high,b:3d64(10.3) k:192#0(9.9) kl:149#-1(7.9) ko:192(4.7) ko:149(4.4) r:87(2.6),fingerprint+callgraph,FUN_140635ad0,loc_8c0530d8,bank05,,39.85,runner-up: sh4 0x8c04761c(13.8) / steam 0x140136bd0(10.5),101,222
0x140635d60,0x8c053b88,high,c:413c9249(8.3) c:bfa00000(7.6) c:413aaaaa(6.9) c:42892492(6.4) c:bf092492(6.0) c:41555555(5.6) d:174(1.1) d:88(0.9),fingerprint,FUN_140635d60,loc_8c053b88,bank05,,45.73,runner-up: sh4 0x8c06e05c(20.3) / steam 0x1407e9160(30.6),77,124
0x140635f80,0x8c053348,low,c:702(8.5) c:f01(8.0) d:580(2.0) d:84(0.8) d:78(0.7) d:54(0.7),fingerprint,FUN_140635f80,loc_8c053348,bank05,,20.71,runner-up: sh4 0x8c06a798(9.2) / steam 0x14009c270(17.6),40,90
0x140636120,0x8c051a90,medium,k:224#4(9.9) kl:224#-3(7.9) ko:224(4.1) d:54(0.7),fingerprint+callgraph,FUN_140636120,loc_8c051a90,bank05,,22.57,runner-up: sh4 0x8c05229c(4.1) / steam 0x1404c0ef0(12.5),22,51
0x140636180,0x8c052974,low,c:41baaaaa(7.2) c:c1baaaaa(7.0) r:373(5.4) ko:365(4.0) d:50(0.6),fingerprint+callgraph,FUN_140636180,loc_8c052974,bank05,,24.11,runner-up: sh4 0x8c052838(20.1) / steam 0x140636ce0(20.1),34,60
0x140636350,0x8c0529ec,medium,sw:315#1#0(9.9) b:2eee8(9.8) ko:315(4.6) d:18e(2.5),fingerprint+callgraph,FUN_140636350,loc_8c0529ec,bank05,,26.7,runner-up: sh4 0x8c045250(9.8) / steam 0x1407bbdb0(12.2),26,47
0x1406363c0,0x8c053c8e,low,c:42892492(6.5) r:399(5.2) d:54(0.7),fingerprint+callgraph,FUN_1406363c0,loc_8c053c8e,bank05,,12.36,runner-up: sh4 0x8c0645e6(8.0) / steam 0x1407933d0(8.0),33,24
0x140636450,0x8c0532a8,medium,k:24#0(9.9) b:324e5(9.6) ko:24(4.7) d:64(1.3) d:170(1.0),fingerprint+callgraph,FUN_140636450,loc_8c0532a8,bank05,,26.51,runner-up: sh4 0x8c055cf6(12.6) / steam 0x1406371c0(11.9),32,55
0x1406364f0,0x8c0518a0,high,b:324e4(10.7) k:179#1(9.9) kl:179#-8(7.9) c:3c00(6.4) c:240(6.1) c:360(6.0) c:300(5.7) c:200(4.9),fingerprint+callgraph,FUN_1406364f0,loc_8c0518a0,bank05,,76.29,runner-up: sh4 0x8c047758(21.9) / steam 0x14060c070(30.9),212,218
0x140636c20,0x8c0526d6,low,c:41baaaaa(7.0) c:c1baaaaa(6.8) c:1000(4.7) ko:179(4.4) r:141(4.0) r:192(3.5) d:50(0.6),fingerprint+callgraph,FUN_140636c20,loc_8c0526d6,bank05,,30.86,runner-up: sh4 0x8c048924(26.8) / steam 0x140636ce0(26.5),47,143
0x140636ce0,0x8c052838,low,c:41baaaaa(7.2) c:c1baaaaa(7.0) r:373(5.4) c:1000(4.7) r:141(4.1) r:192(3.6) d:50(0.6),fingerprint+callgraph,FUN_140636ce0,loc_8c052838,bank05,,32.48,runner-up: sh4 0x8c048924(27.3) / steam 0x140636180(20.1),48,81
0x140636db0,0x8c052af0,high,sw:334#2#0(9.9) k:334#5(9.9) kl:334#-5(7.9) kl:265#-1(7.9) ko:334(4.2) ko:265(4.0) d:54(0.7),fingerprint+callgraph,FUN_140636db0,loc_8c052af0,bank05,,44.34,runner-up: sh4 0x8c047f46(4.6) / steam 0x140637b30(13.8),13,20
0x140636eb0,0x8c052930,medium,k:224#1(9.9) kl:224#-6(7.9) ko:224(4.1),fingerprint+callgraph,FUN_140636eb0,loc_8c052930,bank05,,21.89,runner-up: sh4 0x8c05229c(4.1) / steam 0x14012f3a0(11.6),21,34
0x140636f70,0x8c052ce2,medium,k:182#2(9.9) c:c22b6db6(9.9) ko:182(4.2) ko:179(4.1) d:54(0.7),fingerprint+callgraph,FUN_140636f70,loc_8c052ce2,bank05,,28.8,runner-up: sh4 0x8c0517be(21.9) / steam 0x1404c0ef0(13.9),26,90
0x140636ff0,0x8c051bca,high,sw:360#3#0(9.9) k:360#3(9.9) k:359#6(9.9) kl:360#-4(7.9) kl:359#-5(7.9) ko:360(4.9) c:2000(4.9) ko:359(4.5),fingerprint+callgraph,FUN_140636ff0,loc_8c051bca,bank05,,59.67,runner-up: sh4 0x8c047f46(6.6) / steam 0x1407f0440(8.4),42,17
0x1406371c0,0x8c05176e,medium,sw:319#1#0(9.9) kl:319#-3(7.9) ko:319(4.2) d:170(1.0),fingerprint+callgraph,FUN_1406371c0,loc_8c05176e,bank05,,22.93,runner-up: sh4 0x8c052838(18.7) / steam 0x140743f00(15.0),82,40
0x140637320,0x8c0517be,low,k:371#2(9.9) ko:371(4.7) c:bf4db6db(4.6) r:154(1.5) d:88(0.9),fingerprint+callgraph,FUN_140637320,loc_8c0517be,bank05,,21.58,runner-up: sh4 0x8c059cec(3.5) / steam 0x1406379c0(18.0),23,68
0x140637390,0x8c052dac,medium,b:690e(6.6) b:690d(6.6) r:329(5.5) ko:179(4.6) ko:365(4.0) r:154(1.5) d:84(0.8) d:78(0.7),fingerprint+callgraph,FUN_140637390,loc_8c052dac,bank05,,30.24,runner-up: sh4 0x8c04db70(16.2) / steam 0x1406379c0(23.2),52,81
0x140637470,0x8c051648,high,kl:246#-3(7.9) c:360(6.0) c:c00(5.7) c:120(5.7) c:2000(4.9) ko:246(4.7) c:1000(4.7) c:bf4db6db(4.6),fingerprint+callgraph,caseD_d,loc_8c051648,bank05,,56.29,runner-up: sh4 0x8c046d7e(32.6) / steam 0x140749df0(36.9),197,131
0x140637870,0x8c05218a,high,sw:243#0#0(9.9) k:243#0(9.9) k:224#5(9.9) kl:243#-4(7.9) kl:224#-2(7.9) c:41baaaaa(7.0) c:c1baaaaa(6.8) ko:243(4.9),fingerprint+callgraph,FUN_140637870,loc_8c05218a,bank05,,74.56,runner-up: sh4 0x8c052214(15.5) / steam 0x140637900(17.4),21,37
0x140637960,0x8c052a72,low,c:1000(4.7) ko:365(4.0) r:192(3.6),fingerprint+callgraph,FUN_140637960,loc_8c052a72,bank05,,12.22,runner-up: sh4 0x8c052ac6(8.3) / steam 0x1406c9d20(8.3),14,21
0x140637990,0x8c052a9c,high,sw:406#5#0(9.9) k:406#6(9.9) kl:406#-2(7.9) ko:406(4.7) c:1000(4.7) r:192(3.6),fingerprint+callgraph,FUN_140637990,loc_8c052a9c,bank05,,40.68,runner-up: sh4 0x8c052ac6(8.3) / steam 0x14007df60(9.4),14,21
0x140637ba0,0x8c051af6,high,k:334#2(9.9) c:1800(7.9) kl:334#-8(7.9) c:3c00(6.4) r:342(5.9) r:350(5.4) ko:334(4.2) r:141(4.0),fingerprint+callgraph,FUN_140637ba0,loc_8c051af6,bank05,,60.08,runner-up: sh4 0x8c054184(12.4) / steam 0x140137200(20.7),51,87
0x140637c70,0x8c051868,high,k:359#5(9.9) kl:359#-6(7.9) c:c00(5.7) ko:359(4.5),fingerprint+callgraph,FUN_140637c70,loc_8c051868,bank05,,27.97,runner-up: sh4 0x8c053d20(7.9) / steam 0x140081390(9.7),47,23
0x140637f00,0x8c052008,medium,c:700000(8.4) c:bf4db6db(4.6) r:296(3.6) r:155(2.7) d:174(1.1) d:6c(1.0) d:88(0.9) d:84(0.8),fingerprint+callgraph,FUN_140637f00,loc_8c052008,bank05,,25.12,runner-up: sh4 0x8c051bec(20.2) / steam 0x1406e09a0(15.8),234,92
0x140638260,0x8c0520c0,low,c:700000(8.6) r:296(3.6),fingerprint+callgraph,caseD_6,loc_8c0520c0,bank05,,12.24,runner-up: sh4 0x8c044610(8.6) / steam 0x14074c870(8.6),41,25
0x1406383f0,0x8c052c84,high,sw:334#4#0(9.9) k:334#8(9.9) kl:334#-2(7.9) ko:334(4.2) d:84(0.8) d:78(0.7),fingerprint+callgraph,FUN_1406383f0,loc_8c052c84,bank05,,33.33,runner-up: sh4 0x8c052af0(4.2) / steam 0x140637ba0(4.2),12,18
0x1406388d0,0x8c057ef6,high,c:421a4924(8.8) c:bf700000(7.4) c:c0a00000(6.2) c:40a00000(5.8) d:250(1.8) d:88(0.9) d:84(0.8),fingerprint,FUN_1406388d0,loc_8c057ef6,bank05,,31.66,runner-up: sh4 0x8c051d56(14.8) / steam 0x140705460(21.1),29,59
0x140638a60,0x8c0580fa,low,r:422(5.1) r:216(4.5) r:154(1.5),fingerprint+callgraph,FUN_140638a60,loc_8c0580fa,bank05,,11.1,runner-up: sh4 0x8c05818a(6.0) / steam 0x1432988e0(6.7),15,26
0x140638c40,0x8c0583ae,medium,c:41baaaaa(7.3) c:800(4.9) r:216(4.5) d:250(1.9) r:154(1.5) d:50(0.6),fingerprint+callgraph,FUN_140638c40,loc_8c0583ae,bank05,,20.7,runner-up: sh4 0x8c048924(12.3) / steam 0x140637900(16.9),45,85
0x140638f00,0x8c05791e,low,r:152(5.1) r:81(2.6) d:174(1.1),fingerprint+callgraph,FUN_140638f00,loc_8c05791e,bank05,,8.84,runner-up: sh4 0x8c0578c0(6.2) / steam 0x14063c090(6.2),14,19
0x140639020,0x8c058d64,medium,k:430#1(9.9) kl:430#-5(7.9) ko:430(4.7) r:240(3.4) d:14c(1.7) d:64(1.3) d:170(1.0),fingerprint+callgraph,FUN_140639020,loc_8c058d64,bank05,,29.93,runner-up: sh4 0x8c058dc4(14.3) / steam 0x140473e80(11.5),34,48
0x1406391c0,0x8c056de4,medium,c:2020000(8.8) c:480(7.1) r:164(5.9),fingerprint+callgraph,FUN_1406391c0,loc_8c056de4,bank05,,21.77,runner-up: sh4 0x8c0573e8(7.9) / steam 0x140637d70(15.9),13,24
0x140639200,0x8c059914,high,sw:241#0#3(9.9) b:3d5e(9.3) kl:241#-4(7.9) ko:241(4.1) d:578(1.8) d:2c0(1.7),fingerprint+callgraph,FUN_140639200,loc_8c059914,bank05,,34.57,runner-up: sh4 0x8c057718(12.7) / steam 0x1406394b0(15.7),95,25
0x140639430,0x8c059d3a,low,b:3d48(9.4) c:3fd55555(4.3) r:155(2.7),fingerprint+callgraph,caseD_1,loc_8c059d3a,bank05,,16.32,runner-up: sh4 0x8c059cec(13.7) / steam 0x1406cc3d0(13.7),30,55
0x1406394b0,0x8c059426,high,b:324e8(11.0) b:324e7(11.0) sw:241#0#2(9.9) b:3d10(9.0) kl:241#-5(7.9) c:100000(6.5) c:4000000(6.2) r:173(4.8),fingerprint+callgraph,FUN_1406394b0,loc_8c059426,bank05,,77.34,runner-up: sh4 0x8c057718(49.8) / steam 0x140622f60(19.7),45,80
0x140639660,0x8c059ab4,low,k:416#0(9.9) r:241(5.3) r:152(5.3) ko:416(3.6) r:240(3.4) r:199(2.7) d:580(2.1) d:17(2.0),fingerprint+callgraph,FUN_140639660,loc_8c059ab4,bank05,,38.1,runner-up: sh4 0x8c04447a(10.3) / steam 0x14012f3a0(24.8),157,240
0x140639b60,0x8c0585a4,high,sw:46#0#0(9.9) k:46#0(9.9) kl:46#-2(7.9) ko:46(4.6),fingerprint+callgraph,FUN_140639b60,loc_8c0585a4,bank05,,32.25,runner-up: sh4 0x8c034e8c(4.6) / steam 0x14329faf0(8.6),52,77
0x140639c80,0x8c057944,medium,c:18000(8.8) c:184000(8.6) d:174(1.1),fingerprint,FUN_140639c80,loc_8c057944,bank05,,18.52,runner-up: sh4 0x8c0424a6(8.6) / steam 0x1403384c0(8.9),27,43
0x140639d00,0x8c057718,high,b:3d0e(10.2) b:3d5e(9.4) b:324e0(6.5) r:338(5.5) r:337(5.1) r:149(5.0) c:100(3.9) d:57c(2.5),fingerprint+callgraph,FUN_140639d00,loc_8c057718,bank05,,53.61,runner-up: sh4 0x8c05929c(35.8) / steam 0x14063cbc0(31.1),106,177
0x140639f40,0x8c0578c0,medium,sw:432#5#0(9.9) k:432#9(9.9) r:152(5.5) ko:432(4.0) ko:416(3.7) d:12(1.8) d:174(1.1),fingerprint+callgraph,FUN_140639f40,loc_8c0578c0,bank05,,35.81,runner-up: sh4 0x8c059edc(13.6) / steam 0x14063c210(13.6),29,47
0x140639fc0,0x8c059946,high,c:cccccccc(9.5) c:bfd55555(6.6) c:3fd55555(4.3) d:174(1.1) d:50(0.6),fingerprint+callgraph,FUN_140639fc0,loc_8c059946,bank05,,22.1,runner-up: sh4 0x8c07e9f2(12.0) / steam 0x14012f3a0(14.8),17,28
0x14063a0b0,0x8c0579cc,high,sw:122#0#0(9.9) k:122#0(9.9) kl:122#-4(7.9) c:40092492(4.5) ko:122(4.5) c:3fd55555(4.3) d:174(1.1) d:6c(1.0),fingerprint+callgraph,FUN_14063a0b0,loc_8c0579cc,bank05,,46.15,runner-up: sh4 0x8c04f378(6.6) / steam 0x140326f20(14.7),86,203
0x14063a370,0x8c058c48,high,c:1010(8.6) c:c2892492(8.4) c:42892492(6.4) d:250(1.8) d:7c(0.8) d:78(0.7) d:54(0.7) d:50(0.6),fingerprint,FUN_14063a370,loc_8c058c48,bank05,,28.02,runner-up: sh4 0x8c0764e6(13.2) / steam 0x1403b3400(15.6),69,127
0x14063a4a0,0x8c055edc,medium,b:324e0(6.6) c:7000000(6.3) r:413(5.3) r:241(5.1) c:200(4.9) c:1000(4.7) r:240(3.4) r:371(3.0),fingerprint+callgraph,FUN_14063a4a0,loc_8c055edc,bank05,,63.01,runner-up: sh4 0x8c047758(26.9) / steam 0x14067ae50(51.2),417,588
0x14063ad40,0x8c056b6e,low,c:bd892492(7.7) r:422(5.4) c:1000(4.7) c:bf4db6db(4.6) r:240(3.4) d:22e(2.4) r:154(1.5) d:14(0.9),fingerprint+callgraph,FUN_14063ad40,loc_8c056b6e,bank05,,33.82,runner-up: sh4 0x8c053a14(13.9) / steam 0x140699910(29.3),159,275
0x14063afd0,0x8c056454,medium,b:3d5e(9.1) b:3db8(7.1) b:324e0(6.4) r:149(4.8) c:400(4.7) d:57c(2.5) d:22e(2.4) d:16(2.0),fingerprint+callgraph,FUN_14063afd0,loc_8c056454,bank05,,40.19,runner-up: sh4 0x8c057718(28.2) / steam 0x14063cd30(32.7),204,525
0x14063b3e0,0x8c059582,high,b:3d0b(10.4) b:3d0f(9.7) kl:57#-5(7.9) b:3db8(6.9) ko:57(3.8),fingerprint+callgraph,FUN_14063b3e0,loc_8c059582,bank05,,38.69,runner-up: sh4 0x8c012416(27.0) / steam 0x14060b440(20.1),85,56
0x14063b5c0,0x8c0599b8,high,sw:57#2#0(9.9) kl:57#-4(7.9) b:3db8(7.1) ko:57(4.0),fingerprint+callgraph,FUN_14063b5c0,loc_8c0599b8,bank05,,28.81,runner-up: sh4 0x8c044ccc(20.9) / steam 0x1404a0cd0(7.3),54,30
0x14063b6c0,0x8c059718,high,sw:45#0#0(9.9) k:45#0(9.9) b:3d0f(9.7) kl:45#-1(7.9) b:324e0(6.4) ko:45(4.9) d:57c(2.4) d:22e(2.3),fingerprint+callgraph,FUN_14063b6c0,loc_8c059718,bank05,,56.66,runner-up: sh4 0x8c056454(24.1) / steam 0x140749df0(18.4),121,229
0x14063b920,0x8c059610,medium,b:3d0c(10.2) b:3d5e(8.8) d:57c(2.4) d:578(1.7),fingerprint,FUN_14063b920,loc_8c059610,bank05,,23.17,runner-up: sh4 0x8c012416(19.0) / steam 0x1400a02f0(13.3),82,122
0x14063bc40,0x8c057580,high,k:365#5(9.9) c:1010(8.9) kl:365#-9(7.9) ko:365(4.0) d:250(1.9) d:84(0.8) d:78(0.7) d:50(0.6),fingerprint+callgraph,FUN_14063bc40,loc_8c057580,bank05,,34.65,runner-up: sh4 0x8c052974(6.4) / steam 0x140039de0(11.3),56,104
0x14063bd30,0x8c044c94,medium,sw:57#1#0(9.9) kl:57#-2(7.9) ko:57(3.8),fingerprint+callgraph,FUN_14063bd30,loc_8c044c94,bank04,,21.57,runner-up: sh4 0x8c056de4(15.4) / steam 0x14063b5c0(3.8),12,28
0x14063bd70,0x8c056e14,low,b:3d0a(10.0) r:81(2.6),fingerprint+callgraph,FUN_14063bd70,loc_8c056e14,bank05,,12.68,runner-up: sh4 0x8c010a5a(10.0) / steam 0x140683ca0(10.5),86,107
0x14063bec0,0x8c056f2e,medium,sw:432#2#0(9.9) k:432#2(9.9) r:164(5.5) ko:432(4.0) ko:416(3.7) d:250(1.9),fingerprint+callgraph,FUN_14063bec0,loc_8c056f2e,bank05,,34.78,runner-up: sh4 0x8c056de4(21.2) / steam 0x1404c1d00(16.2),101,123
0x14063c090,0x8c057bb6,low,r:446(5.9) r:152(5.9) r:445(4.5) d:12(1.8) d:174(1.1),fingerprint+callgraph,FUN_14063c090,loc_8c057bb6,bank05,,19.26,runner-up: sh4 0x8c0fdb4e(4.5) / steam 0x140039310(10.4),34,73
0x14063c210,0x8c057650,low,r:422(5.4) ko:416(3.8) d:2d8(2.1) d:84(0.8),fingerprint+callgraph,FUN_14063c210,loc_8c057650,bank05,,12.11,runner-up: sh4 0x8c059dee(5.9) / steam 0x143273630(8.8),14,24
0x14063c4d0,0x8c058768,low,c:c1fd5555(8.4) c:41fd5555(8.2) c:bfd55555(6.5) c:bf4db6db(4.6) c:3fd55555(4.3) d:250(1.8) d:88(0.9) d:7c(0.8),fingerprint,FUN_14063c4d0,loc_8c058768,bank05,,36.89,runner-up: sh4 0x8c058dc4(31.9) / steam 0x14063d170(30.7),98,124
0x14063c680,0x8c058b64,low,c:42fa0000(9.0) c:43160000(7.8) c:40092492(4.5) ko:34(4.5) c:3fd55555(4.3),fingerprint+callgraph,FUN_14063c680,loc_8c058b64,bank05,,30.03,runner-up: sh4 0x8c05887e(20.6) / steam 0x14063c9a0(25.5),43,52
0x14063ca80,0x8c0590f4,high,sw:386#0#0(9.9) k:386#0(9.9) kl:386#-7(7.9) r:149(5.3) ko:386(4.5) d:57c(2.6) d:578(1.8),fingerprint+callgraph,FUN_14063ca80,loc_8c0590f4,bank05,,41.69,runner-up: sh4 0x8c059150(9.6) / steam 0x14063cf60(14.1),36,46
0x14063cb10,0x8c059150,low,r:421(5.9) r:337(5.7) r:149(5.7) d:57c(2.6) d:578(1.8),fingerprint+callgraph,FUN_14063cb10,loc_8c059150,bank05,,21.68,runner-up: sh4 0x8c0514d0(4.4) / steam 0x14063ccc0(15.8),43,54
0x14063cbc0,0x8c05929c,low,b:3d5e(9.6) r:338(5.9) r:337(5.3) r:149(5.1) r:199(2.7) d:57c(2.5) d:578(1.8),fingerprint+callgraph,FUN_14063cbc0,loc_8c05929c,bank05,,32.86,runner-up: sh4 0x8c0591c8(24.2) / steam 0x140622f60(17.2),60,80
0x14063cd30,0x8c031b48,medium,sw:241#0#0(9.9) kl:241#-7(7.9) ko:241(4.1),fingerprint+callgraph,FUN_14063cd30,loc_8c031b48,bank03,,21.85,runner-up: sh4 0x8c03f880(16.5) / steam 0x14060ede0(7.5),126,57
0x14063cf60,0x8c0591c8,high,b:3d5e(9.9) sw:408#0#0(9.9) k:408#0(9.9) kl:408#-2(7.9) ko:408(4.9) d:57c(2.6) d:578(1.8),fingerprint+callgraph,FUN_14063cf60,loc_8c0591c8,bank05,,46.83,runner-up: sh4 0x8c059150(14.3) / steam 0x14063ccc0(20.6),65,97
0x14063d070,0x8c058658,high,sw:422#0#0(9.9) k:422#0(9.9) kl:422#-1(7.9) ko:422(4.9) d:250(1.9) d:12(1.8),fingerprint+callgraph,FUN_14063d070,loc_8c058658,bank05,,36.21,runner-up: sh4 0x8c04916c(3.9) / steam 0x140039de0(10.6),27,37
0x14063d170,0x8c0570aa,high,sw:412#0#0(9.9) k:412#0(9.9) c:3ffd5555(8.8) c:c1fd5555(8.6) c:41fd5555(8.4) kl:412#-3(7.9) c:bfd55555(6.6) ko:412(4.9),fingerprint+callgraph,FUN_14063d170,loc_8c0570aa,bank05,,77.97,runner-up: sh4 0x8c0586a2(41.4) / steam 0x14063c750(31.6),119,285
0x14063d3e0,0x8c057c86,medium,sw:432#2#1(9.9) k:432#3(9.9) ko:432(4.0),fingerprint+callgraph,FUN_14063d3e0,loc_8c057c86,bank05,,23.68,runner-up: sh4 0x8c05702e(12.7) / steam 0x14063bec0(11.8),38,65
0x14063d480,0x8c05a82c,medium,sw:186#0#0(9.9) kl:186#-1(7.9) ko:186(4.9),fingerprint+callgraph,FUN_14063d480,loc_8c05a82c,bank05,,22.7,runner-up: sh4 0x8c05aa62(12.3) / steam -(0.0),35,43
0x14063d510,0x8c05a882,high,sw:141#0#0(9.9) k:141#0(9.9) kl:141#-2(7.9) ko:141(4.6),fingerprint+callgraph,FUN_14063d510,loc_8c05a882,bank05,,32.24,runner-up: sh4 0x8c05a706(4.6) / steam 0x14063d480(14.6),22,25
0x14063d560,0x8c05a748,high,sw:396#0#0(9.9) k:396#0(9.9) k:25#1(9.9) c:999(9.9) c:99999999(8.8) kl:396#-1(7.9) r:345(5.9) ko:396(4.9),fingerprint+callgraph,FUN_14063d560,loc_8c05a748,bank05,,71.55,runner-up: sh4 0x8c129128(24.7) / steam 0x140883500(8.8),47,98
0x14063d770,0x8c0522e0,high,b:324e2(10.3) k:224#3(9.9) c:3e7(8.0) kl:224#-4(7.9) c:1000000(5.5) ko:224(4.1),fingerprint+callgraph,FUN_14063d770,loc_8c0522e0,bank05,,45.78,runner-up: sh4 0x8c059f64(25.6) / steam 0x14063d930(23.9),79,196
0x14063d930,0x8c05a0b8,medium,b:324e2(10.7) c:3e7(8.2) c:1000000(5.6) ko:416(3.6) d:578(1.8) d:12(1.8) d:18(0.6),fingerprint+callgraph,FUN_14063d930,loc_8c05a0b8,bank05,,32.21,runner-up: sh4 0x8c059f64(26.2) / steam 0x14059acb0(16.7),124,243
0x14063dce0,0x8c05a46c,high,b:324e2(10.0) k:99#0(9.9) c:1000000(5.5) ko:99(4.5),fingerprint+callgraph,FUN_14063dce0,loc_8c05a46c,bank05,,29.94,runner-up: sh4 0x8c04b448(15.6) / steam 0x140652d40(16.4),19,15
0x14063dd40,0x8c05a2cc,high,sw:73#0#0(9.9) k:73#0(9.9) b:3d43(9.0) kl:73#-3(7.9) ko:73(4.4),fingerprint+callgraph,FUN_14063dd40,loc_8c05a2cc,bank05,,41.08,runner-up: sh4 0x8c046afa(9.0) / steam 0x1404c1d00(15.9),70,173
0x14063df80,0x8c05a6c8,medium,kl:241#-1(7.9) b:3d3c(7.7) ko:241(4.1),fingerprint+callgraph,FUN_14063df80,loc_8c05a6c8,bank05,,19.7,runner-up: sh4 0x8c03c06a(7.7) / steam 0x14060df00(7.7),23,31
0x14063dfe0,0x8c05a706,high,sw:372#0#0(9.9) sw:141#1#0(9.9) k:38#5(9.9) k:372#0(9.9) k:141#1(9.9) kl:38#-7(7.9) kl:372#-3(7.9) kl:319#-5(7.9),fingerprint+callgraph,FUN_14063dfe0,loc_8c05a706,bank05,,107.47,runner-up: sh4 0x8c010c7c(7.8) / steam 0x14063d560(75.6),11,33
0x14063e080,0x8c05aac4,medium,c:43100000(8.8) c:43480000(7.2) b:3db8(6.8),fingerprint,FUN_14063e080,loc_8c05aac4,bank05,,22.8,runner-up: sh4 0x8c05a8b4(17.8) / steam 0x14063d560(17.7),171,67
0x14063e330,0x8c05a8b4,medium,c:43100000(9.2) c:43480000(7.3) d:578(1.7),fingerprint+callgraph,FUN_14063e330,loc_8c05a8b4,bank05,,18.24,runner-up: sh4 0x8c036f90(8.0) / steam 0x14025ea20(15.0),90,158
0x14063ec00,0x8c048fa4,low,r:398(5.7) c:1000(4.7) r:358(4.5) r:397(4.5) r:356(4.5) r:224(4.2) r:192(3.6) r:154(1.5),fingerprint+callgraph,caseD_1,loc_8c048fa4,bank04,,34.58,runner-up: sh4 0x8c048924(26.0) / steam 0x140641d10(24.2),104,135
0x1406405f0,0x8c04c02c,low,b:690e(6.6) b:690d(6.6) r:328(4.5) r:357(4.2) r:395(4.0) r:299(3.2) r:155(2.7) r:154(1.5),fingerprint+callgraph,caseD_30,loc_8c04c02c,bank04,,37.45,runner-up: sh4 0x8c04c290(31.7) / steam 0x140749df0(32.1),93,144
0x140640d20,0x8c04c9f0,high,c:444db6db(9.5) c:43555555(7.4) c:c1092492(7.3) c:bf4db6db(4.6) d:14c(1.7) d:64(1.3) d:170(1.0) d:6c(1.0),fingerprint,caseD_3b,loc_8c04c9f0,bank04,,36.81,runner-up: sh4 0x8c04419c(18.3) / steam 0x14063e4a0(18.4),43,94
0x1406410c0,0x8c0476b8,medium,c:6000000(7.0) b:324e0(6.4) r:192(3.4) r:161(1.4) d:174(1.1),fingerprint+callgraph,caseD_5,loc_8c0476b8,bank04,,19.43,runner-up: sh4 0x8c0489ca(11.3) / steam 0x14063e5d0(12.4),25,53
0x140641130,0x8c0492dc,medium,c:bd892492(7.6) c:bf4db6db(4.6) r:315(4.2) r:224(4.1) r:240(3.4) r:299(3.2) r:81(2.6) r:154(1.5),fingerprint+callgraph,caseD_1,loc_8c0492dc,bank04,,36.31,runner-up: sh4 0x8c056b6e(17.9) / steam 0x1407b6950(29.7),85,151
0x1406414f0,0x8c04a596,low,b:324e0(6.6) r:299(3.2) r:371(3.0) r:155(2.7) r:320(2.3) d:580(2.1) d:578(1.8),fingerprint+callgraph,caseD_8,loc_8c04a596,bank04,,21.63,runner-up: sh4 0x8c076c5e(11.9) / steam 0x14063e5d0(17.3),60,106
0x140641aa0,0x8c047c40,medium,c:1803(9.0) b:324e0(6.4) c:42092492(5.7) r:192(3.4) d:580(2.0) r:154(1.5) r:161(1.4) d:80(1.0),fingerprint+callgraph,caseD_0,loc_8c047c40,bank04,,31.22,runner-up: sh4 0x8c047f8e(15.9) / steam 0x1406cb6e0(24.3),155,185
0x140642160,0x8c048474,low,c:1000(4.7) r:224(4.0) r:192(3.5) r:154(1.5) r:161(1.4) d:7c(0.8) d:78(0.7) d:54(0.7),fingerprint+callgraph,caseD_5,loc_8c048474,bank04,,17.9,runner-up: sh4 0x8c048fa4(15.1) / steam 0x140642340(15.1),65,105
0x140642340,0x8c048660,low,c:1000(4.7) r:315(4.2) r:224(4.1) r:192(3.5) r:154(1.5) r:161(1.4),fingerprint+callgraph,caseD_7,loc_8c048660,bank04,,19.35,runner-up: sh4 0x8c048830(16.4) / steam 0x14063ec00(15.2),60,85
0x140642490,0x8c0487a4,low,c:c00(5.7) r:315(4.2) r:224(4.1) r:192(3.5) r:161(1.4),fingerprint+callgraph,caseD_9,loc_8c0487a4,bank04,,18.88,runner-up: sh4 0x8c0482c0(15.4) / steam 0x1406420b0(13.2),37,52
0x140642510,0x8c048830,low,r:418(5.9) c:400(4.7) r:358(4.7) r:397(4.6) r:356(4.6) r:315(4.3) r:224(4.2) r:192(3.6),fingerprint+callgraph,caseD_a,loc_8c048830,bank04,,40.38,runner-up: sh4 0x8c047f8e(32.8) / steam 0x140641d10(28.1),63,99
0x1406425e0,0x8c048924,low,r:384(5.9) c:800(4.9) r:358(4.5) r:397(4.5) r:356(4.5) r:224(4.2) r:192(3.6) d:580(2.0),fingerprint+callgraph,caseD_b,loc_8c048924,bank04,,35.85,runner-up: sh4 0x8c048830(25.0) / steam 0x14063ec00(26.0),58,83
0x140642850,0x8c048ba8,low,c:d1b(9.9) r:44(4.3) d:580(2.0) d:185(1.1) d:84(0.8) d:78(0.7),fingerprint+callgraph,caseD_f,loc_8c048ba8,bank04,,18.88,runner-up: sh4 0x8c059cec(5.9) / steam 0x140476ea0(14.3),95,184
0x140642eb0,0x8c049bec,low,r:182(5.4) c:bf4db6db(4.6) r:299(3.1) r:154(1.5) r:161(1.4) d:88(0.9) d:7c(0.8) d:84(0.8),fingerprint+callgraph,caseD_10,loc_8c049bec,bank04,,20.52,runner-up: sh4 0x8c049b02(15.3) / steam 0x14070a200(16.0),48,94
0x140642f80,0x8c049ca8,low,r:182(5.7) r:390(3.9) r:393(3.7) r:299(3.2) r:161(1.4) d:84(0.8) d:78(0.7) d:54(0.7),fingerprint+callgraph,caseD_11,loc_8c049ca8,bank04,,20.13,runner-up: sh4 0x8c04922a(12.3) / steam 0x1406ea760(16.1),28,45
0x140642ff0,0x8c049d6c,low,c:41855555(6.8) c:41892492(5.9) c:bf4db6db(4.6) r:63(3.9) d:170(1.0) d:7c(0.8) d:78(0.7) d:54(0.7),fingerprint+callgraph,caseD_12,loc_8c049d6c,bank04,,24.88,runner-up: sh4 0x8c049d28(21.1) / steam 0x140664980(14.8),55,72
0x1406430e0,0x8c049d28,high,c:41855555(6.8) c:41892492(5.9) c:bf4db6db(4.6) ko:182(4.2) r:154(1.5) d:88(0.9) d:7c(0.8) d:84(0.8),fingerprint+callgraph,FUN_1406430e0,loc_8c049d28,bank04,,26.88,runner-up: sh4 0x8c06e342(10.6) / steam 0x140664980(18.1),13,34
0x140654130,0x8c0fd6b0,high,sw:388#0#0(9.9) sw:304#1#0(9.9) k:304#1(9.9) kl:388#-3(7.9) kl:304#-1(7.9) ko:388(4.9) ko:304(4.9),fingerprint+callgraph,FUN_140654130,loc_8c0fd6b0,bank0f,,55.24,runner-up: sh4 0x8c0222f6(30.9) / steam -(0.0),82,25
0x1406543e0,0x8c0fd75c,medium,sw:377#2#0(9.9) kl:377#-1(7.9) ko:377(4.7) d:74(1.2) d:6c(1.0) d:58(1.0) d:70(0.9) d:54(0.7),fingerprint+callgraph,FUN_1406543e0,loc_8c0fd75c,bank0f,,27.79,runner-up: sh4 0x8c064fb4(4.7) / steam -(0.0),50,149
0x140654890,0x8c104434,high,sw:123#0#2(9.9) k:123#2(9.9) kl:85#-2(7.9) kl:123#-1(7.9) ko:85(4.4) ko:123(4.4) ko:62(4.1) d:70(0.9),fingerprint+callgraph,FUN_140654890,loc_8c104434,bank10,,49.94,runner-up: sh4 0x8c034e8c(20.8) / steam 0x14060fe40(14.0),24,39
0x140658da0,0x8c06e49a,low,c:bf555555(6.9) c:41cdb6db(6.9) c:3f555555(6.9) c:258(6.8) c:c1200000(6.2) c:bf092492(6.0) c:41200000(5.4) d:174(1.1),fingerprint,caseD_2b,loc_8c06e49a,bank06,,49.35,runner-up: sh4 0x8c0671f6(31.4) / steam 0x140659290(42.5),382,56
0x140660240,0x8c0efdc0,medium,k:38#10(9.9) kl:38#-2(7.9) ko:38(3.8) d:6c(1.0) d:70(0.9) d:18(0.6),fingerprint+callgraph,FUN_140660240,loc_8c0efdc0,bank0e,,24.04,runner-up: sh4 0x8c031008(3.8) / steam 0x14073d8b0(6.4),69,67
0x140662540,0x8c05bef6,high,sw:209#0#0(9.9) k:209#0(9.9) kl:209#-1(7.9) ko:209(4.9) d:59e(3.1) d:5fe(2.8) d:5fc(2.7),fingerprint+callgraph,FUN_140662540,loc_8c05bef6,bank05,,40.58,runner-up: sh4 0x8c018d70(2.7) / steam 0x1406625f0(8.0),14,34
0x1406626f0,0x8c05bebc,medium,k:84#0(9.9) kl:84#-5(7.9) ko:84(4.2),fingerprint+callgraph,FUN_1406626f0,loc_8c05bebc,bank05,,21.97,runner-up: sh4 0x8c05bef6(8.0) / steam 0x140898e40(12.6),46,29
0x140667d50,0x8c04e338,high,c:c12d5555(7.9) c:412d5555(7.9) c:bea00000(6.6) c:3ea00000(6.6) d:88(0.9) d:7c(0.8) d:84(0.8) d:78(0.7),fingerprint,caseD_0,loc_8c04e338,bank04,,32.17,runner-up: sh4 0x8c065e7a(18.9) / steam 0x140749df0(23.3),51,106
0x14066a2f0,0x8c06414c,low,c:431a4924(6.8) c:434db6db(6.6) b:690e(6.6) b:690d(6.6) c:43200000(6.5) c:41892492(5.8) d:174(1.1) d:88(0.9),fingerprint,FUN_14066a2f0,loc_8c06414c,bank06,,45.27,runner-up: sh4 0x8c05b07e(33.0) / steam 0x14075e4c0(37.8),2395,231
0x140671fd0,0x8c063aa2,medium,c:44092492(8.1) c:c0892492(7.1) c:bf892492(6.0) c:bf092492(6.0) c:40555555(5.9) c:42092492(5.7) c:12c(4.0) d:185(1.1),fingerprint,caseD_0,loc_8c063aa2,bank06,,50.71,runner-up: sh4 0x8c068c0e(40.7) / steam 0x1406b0220(37.3),2586,258
0x14067a1e0,0x8c04a3ba,low,c:203(8.6) r:154(1.5) r:161(1.4) d:88(0.9) d:7c(0.8) d:84(0.8) d:78(0.7) d:54(0.7),fingerprint+callgraph,caseD_8,loc_8c04a3ba,bank04,,15.41,runner-up: sh4 0x8c047c40(6.5) / steam 0x1402d23e0(13.3),29,64
0x14073d740,0x8c0f269c,high,sw:180#0#0(9.9) k:180#0(9.9) kl:180#-6(7.9) ko:38(4.2) ko:180(4.2),fingerprint+callgraph,FUN_14073d740,loc_8c0f269c,bank0f,,36.13,runner-up: sh4 0x8c041ecc(4.2) / steam 0x14061ac50(4.2),53,67
0x14073d8b0,0x8c105860,medium,k:38#4(9.9) kl:38#-8(7.9) ko:38(3.8),fingerprint+callgraph,FUN_14073d8b0,loc_8c105860,bank10,,21.57,runner-up: sh4 0x8c03d9a0(10.9) / steam 0x14056ca10(4.8),81,29
0x14073da50,0x8c10597c,medium,sw:144#0#1(9.9) k:144#1(9.9) ko:144(4.6) d:58(1.0) d:54(0.7),fingerprint+callgraph,FUN_14073da50,loc_8c10597c,bank10,,25.97,runner-up: sh4 0x8c02f780(18.1) / steam 0x14061de60(4.6),32,47
0x14073dfb0,0x8c0f2ee4,high,sw:73#0#2(9.9) k:73#2(9.9) kl:73#-1(7.9) ko:73(4.4) ko:38(3.8),fingerprint+callgraph,FUN_14073dfb0,loc_8c0f2ee4,bank0f,,35.84,runner-up: sh4 0x8c046a70(14.4) / steam 0x14073d740(21.6),36,38
0x14073e360,0x8c0f8208,medium,k:31#11(9.9) kl:31#-6(7.9) ko:31(3.6) d:64(1.3) d:a0(1.3) d:60(0.9),fingerprint+callgraph,FUN_14073e360,loc_8c0f8208,bank0f,,24.88,runner-up: sh4 0x8c0104c0(11.4) / steam 0x14060a270(7.2),56,84
0x14073e540,0x8c0f8376,medium,k:31#12(9.9) kl:31#-5(7.9) ko:31(3.6) d:a0(1.3),fingerprint+callgraph,FUN_14073e540,loc_8c0f8376,bank0f,,22.65,runner-up: sh4 0x8c028294(12.8) / steam 0x14060a270(5.9),52,79
0x14073e8a0,0x8c0f84f2,medium,k:31#13(9.9) kl:31#-4(7.9) ko:31(3.6) d:a0(1.3),fingerprint+callgraph,FUN_14073e8a0,loc_8c0f84f2,bank0f,,22.65,runner-up: sh4 0x8c040194(17.8) / steam 0x14060a270(7.5),46,74
0x14073f470,0x8c0f35fc,low,sw:17#6#2(9.9) ko:17(3.6) d:60(0.9) d:10(0.6),fingerprint+callgraph,FUN_14073f470,loc_8c0f35fc,bank0f,,15.07,runner-up: sh4 0x8c0f5768(11.5) / steam 0x14061ca70(12.2),81,175
0x14073f780,0x8c0f3954,low,sw:17#9#0(9.9) ko:17(3.9) d:18(0.6),fingerprint+callgraph,FUN_14073f780,loc_8c0f3954,bank0f,,14.37,runner-up: sh4 0x8c028294(12.0) / steam 0x140741910(12.4),23,39
0x14073f890,0x8c021514,low,c:42c80000(5.9) r:414(2.9) r:6(2.2) d:e8(1.5) d:a0(1.3) d:74(1.2) d:170(1.0) d:6c(1.0),fingerprint+callgraph,FUN_14073f890,loc_8c021514,bank02,,19.04,runner-up: sh4 0x8c0184d4(13.2) / steam 0x14079fc20(15.2),217,40
0x1407417a0,0x8c0f6780,low,sw:17#6#5(9.9) ko:17(3.6) d:64(1.3) d:34(0.8) d:54(0.7) d:50(0.6),fingerprint+callgraph,FUN_1407417a0,loc_8c0f6780,bank0f,,16.91,runner-up: sh4 0x8c0f7074(13.5) / steam 0x14073f780(13.1),40,75
0x140742360,0x8c01a90e,low,c:3f99999a(8.2) c:3b03126f(7.9) d:a0(1.3) d:74(1.2) d:170(1.0) d:6c(1.0) d:58(1.0) d:70(0.9),fingerprint,FUN_140742360,loc_8c01a90e,bank01,,22.95,runner-up: sh4 0x8c024820(19.8) / steam 0x1401d9ed0(18.6),132,58
0x140743720,0x8c040194,low,c:811(8.3) c:3dcccccd(6.2) r:6(2.2) d:a0(1.3) d:74(1.2) d:170(1.0) d:6c(1.0) d:58(1.0),fingerprint+callgraph,FUN_140743720,loc_8c040194,bank03,,23.55,runner-up: sh4 0x8c03f664(14.5) / steam 0x140586190(20.4),25,46
0x140744f90,0x8c0fd966,high,sw:437#1#0(9.9) k:437#1(9.9) kl:437#-3(7.9) ko:437(4.4),fingerprint+callgraph,FUN_140744f90,loc_8c0fd966,bank0f,,32.0,runner-up: sh4 0x8c0ff4b6(4.4) / steam 0x140745b20(4.4),54,80
0x140745470,0x8c100672,high,sw:385#1#0(9.9) k:385#1(9.9) kl:385#-1(7.9) ko:385(4.9),fingerprint+callgraph,FUN_140745470,loc_8c100672,bank10,,32.55,runner-up: sh4 -(0.0) / steam -(0.0),102,26
0x1407457c0,0x8c0ee418,high,sw:216#0#1(9.9) k:216#1(9.9) kl:216#-3(7.9) ko:216(4.2) d:18(0.6),fingerprint+callgraph,FUN_1407457c0,loc_8c0ee418,bank0e,,32.5,runner-up: sh4 0x8c0ee944(4.9) / steam 0x140747630(4.9),18,27
0x140745b20,0x8c0ff4b6,high,sw:437#1#1(9.9) k:437#2(9.9) kl:437#-2(7.9) ko:437(4.4),fingerprint+callgraph,FUN_140745b20,loc_8c0ff4b6,bank0f,,32.0,runner-up: sh4 0x8c0422fe(4.4) / steam 0x140744f90(4.4),19,26
0x140745cf0,0x8c10163a,high,sw:122#0#1(9.9) k:122#1(9.9) kl:122#-3(7.9) ko:122(4.5),fingerprint+callgraph,FUN_140745cf0,loc_8c10163a,bank10,,32.14,runner-up: sh4 0x8c031b48(4.5) / steam 0x14063a0b0(4.5),15,30
0x140747490,0x8c0ee944,high,sw:216#0#3(9.9) k:216#3(9.9) kl:216#-1(7.9) ko:216(4.2) d:18(0.6),fingerprint+callgraph,FUN_140747490,loc_8c0ee944,bank0e,,32.5,runner-up: sh4 0x8c0ee570(4.9) / steam 0x140747630(4.9),18,27
0x140747630,0x8c0ee570,high,sw:216#0#2(9.9) k:216#2(9.9) kl:216#-2(7.9) ko:216(4.2) d:18(0.6),fingerprint+callgraph,FUN_140747630,loc_8c0ee570,bank0e,,32.5,runner-up: sh4 0x8c07515c(5.7) / steam 0x1407477d0(4.9),18,27
0x1407477d0,0x8c0ee28c,high,sw:216#0#0(9.9) k:216#0(9.9) kl:216#-4(7.9) ko:216(4.2) d:18(0.6),fingerprint+callgraph,FUN_1407477d0,loc_8c0ee28c,bank0e,,32.5,runner-up: sh4 0x8c0ee944(4.9) / steam 0x140747630(4.9),18,27
0x140747950,0x8c064fe0,medium,c:403aaaaa(8.8) c:c0200000(6.9) r:263(5.9) r:392(5.0) r:154(1.5) r:161(1.4) d:174(1.1) d:185(1.1),fingerprint+callgraph,caseD_1,loc_8c064fe0,bank06,,34.83,runner-up: sh4 0x8c047f8e(20.0) / steam 0x14077d530(28.7),88,247
0x140747ad0,0x8c064f2c,low,c:404(8.2) r:263(5.5) r:6(2.2) d:18(0.6),fingerprint+callgraph,FUN_140747ad0,loc_8c064f2c,bank06,,16.52,runner-up: sh4 0x8c064fe0(9.1) / steam 0x14079f230(11.0),51,68
0x140747db0,0x8c107c64,high,sw:285#1#0(9.9) k:285#1(9.9) kl:285#-2(7.9) ko:285(4.9),fingerprint+callgraph,FUN_140747db0,loc_8c107c64,bank10,,32.57,runner-up: sh4 -(0.0) / steam -(0.0),150,24
0x140748870,0x8c05bac8,medium,k:84#4(9.9) kl:84#-1(7.9) ko:84(4.2),fingerprint+callgraph,FUN_140748870,loc_8c05bac8,bank05,,21.97,runner-up: sh4 0x8c05bebc(4.2) / steam 0x14034a9b0(14.0),34,75
0x1407489f0,0x8c05b440,high,b:324e5(9.2) b:324e1(8.8) b:3ce6(8.6) b:324e0(6.3) c:1000(4.6) d:5a2(2.9) d:5fc(2.6),fingerprint,FUN_1407489f0,loc_8c05b440,bank05,,43.11,runner-up: sh4 0x8c047758(29.5) / steam 0x14061f030(25.6),182,133
0x140748d10,0x8c05b608,medium,k:84#2(9.9) kl:84#-3(7.9) ko:84(4.2),fingerprint+callgraph,FUN_140748d10,loc_8c05b608,bank05,,21.97,runner-up: sh4 0x8c05bebc(4.2) / steam 0x14025e030(10.1),15,29
0x1407491d0,0x8c10235c,high,kl:355#-2(7.9) kl:253#-1(7.9) kl:109#-3(7.9) ko:355(4.7) ko:253(4.7) ko:162(4.6) ko:109(4.5),fingerprint+callgraph,FUN_1407491d0,loc_8c10235c,bank10,,42.2,runner-up: sh4 0x8c1294c8(29.0) / steam 0x1401326e0(5.8),215,343
0x140749560,0x8c1021c2,medium,sw:395#0#0(9.9) kl:395#-4(7.9) ko:395(4.2),fingerprint+callgraph,FUN_140749560,loc_8c1021c2,bank10,,21.99,runner-up: sh4 0x8c102046(14.1) / steam 0x140749760(9.5),62,92
0x140749670,0x8c102046,medium,sw:395#0#1(9.9) kl:395#-3(7.9) ko:395(4.2) d:90(1.2) d:74(1.2) d:6c(1.0) d:58(1.0) d:70(0.9),fingerprint+callgraph,FUN_140749670,loc_8c102046,bank10,,27.84,runner-up: sh4 0x8c101eb0(18.7) / steam 0x140749560(14.1),52,91
0x140749760,0x8c101eb0,medium,sw:395#0#2(9.9) kl:395#-2(7.9) ko:395(4.2) d:94(1.4) d:98(1.2) d:74(1.2) d:9c(1.1) d:6c(1.0),fingerprint+callgraph,FUN_140749760,loc_8c101eb0,bank10,,29.99,runner-up: sh4 0x8c101c6c(22.1) / steam 0x140749670(18.7),70,127
0x1407498b0,0x8c101c6c,medium,sw:395#0#3(9.9) kl:395#-1(7.9) ko:395(4.2) d:8c(1.5) d:94(1.4) d:90(1.2) d:74(1.2) d:9c(1.1),fingerprint+callgraph,FUN_1407498b0,loc_8c101c6c,bank10,,29.99,runner-up: sh4 0x8c024b60(21.1) / steam 0x140749760(22.1),106,190
0x140749bb0,0x8c04dd94,low,c:412b6db6(7.2) b:690e(6.6) b:690d(6.6) c:bf4db6db(4.6) r:357(4.1) d:88(0.9) d:7c(0.8),fingerprint+callgraph,FUN_140749bb0,loc_8c04dd94,bank04,,30.73,runner-up: sh4 0x8c04db70(26.6) / steam 0x1406f3710(19.5),20,40
0x140749f40,0x8c04e28a,low,r:44(4.4) r:141(4.0) r:299(3.1) r:161(1.4),fingerprint+callgraph,caseD_3b,loc_8c04e28a,bank04,,12.95,runner-up: sh4 0x8c04da8c(9.0) / steam 0x14012f3a0(9.1),38,61
0x14074a000,0x8c04e1fc,low,c:40892492(5.8) r:44(4.5) r:328(4.4) r:357(4.1) r:299(3.2) r:161(1.4) d:7c(0.8),fingerprint+callgraph,caseD_3a,loc_8c04e1fc,bank04,,24.24,runner-up: sh4 0x8c04d524(18.4) / steam 0x14074a540(20.8),33,71
0x14074afd0,0x8c04e664,low,r:44(4.4) r:141(3.9) r:161(1.4) d:7c(0.8) d:54(0.7),fingerprint+callgraph,caseD_5,loc_8c04e664,bank04,,11.21,runner-up: sh4 0x8c04e28a(9.7) / steam 0x140749f40(9.7),33,50
0x14074b050,0x8c04e5e2,low,c:1000(4.7) r:299(3.2) r:304(3.0) r:314(2.5) d:54(0.7),fingerprint+callgraph,caseD_4,loc_8c04e5e2,bank04,,14.04,runner-up: sh4 0x8c04e5a0(9.4) / steam 0x140076920(10.7),35,53
0x14074b0e0,0x8c04e4b4,low,c:bfbc9249(8.0) r:288(5.9) d:88(0.9) d:7c(0.8) d:84(0.8) d:78(0.7),fingerprint+callgraph,caseD_0,loc_8c04e4b4,bank04,,17.11,runner-up: sh4 0x8c04d064(5.6) / steam 0x1405d6480(14.9),8,20
0x14074b120,0x8c04e5a0,low,r:299(3.2) r:304(3.0) r:314(2.5) d:54(0.7),fingerprint+callgraph,caseD_3,loc_8c04e5a0,bank04,,9.38,runner-up: sh4 0x8c04e770(6.7) / steam 0x140697dc0(6.8),39,33
0x14074b740,0x8c04e98a,high,sw:401#5#0(9.9) k:401#5(9.9) kl:401#-3(7.9) ko:401(4.9) r:154(1.5),fingerprint+callgraph,FUN_14074b740,loc_8c04e98a,bank04,,34.06,runner-up: sh4 -(0.0) / steam 0x140775ff0(3.9),11,25
0x14074bec0,0x8c053f14,high,c:84000(9.9) c:200000(6.7) c:100000(6.5) c:3c00(6.3) c:300(5.7) c:c00(5.6) c:800(4.9) c:40092492(4.5),fingerprint,FUN_14074bec0,loc_8c053f14,bank05,,53.15,runner-up: sh4 0x8c054184(19.5) / steam 0x140699910(28.4),101,262
0x14074c200,0x8c054400,high,k:334#0(9.9) kl:334#-10(7.9) b:324e0(6.5) c:2000(4.9) ko:334(4.2) r:192(3.5) d:18e(2.5) d:12(1.8),fingerprint+callgraph,FUN_14074c200,loc_8c054400,bank05,,41.07,runner-up: sh4 0x8c047dec(13.8) / steam 0x140749df0(20.5),54,250
0x14074c870,0x8c054bb8,medium,c:700000(8.9) b:324e0(6.6) r:396(5.5) r:240(3.4) d:578(1.8),fingerprint+callgraph,FUN_14074c870,loc_8c054bb8,bank05,,26.22,runner-up: sh4 0x8c044390(20.1) / steam 0x140630830(20.1),87,302
0x14074ca10,0x8c055dfa,medium,sw:402#0#1(9.9) k:402#1(9.9) ko:402(4.4) d:578(1.8),fingerprint+callgraph,FUN_14074ca10,loc_8c055dfa,bank05,,25.88,runner-up: sh4 0x8c055e50(6.2) / steam 0x140661240(6.3),31,43
0x14074f330,0x8c101aa6,high,sw:365#0#0(9.9) k:365#0(9.9) kl:365#-14(7.9) ko:365(4.0),fingerprint+callgraph,FUN_14074f330,loc_8c101aa6,bank10,,31.58,runner-up: sh4 0x8c052dac(7.6) / steam 0x140624b60(4.0),106,18
0x14074fab0,0x8c107f1c,medium,sw:288#2#1(9.9) k:288#3(9.9) ko:288(4.5),fingerprint+callgraph,FUN_14074fab0,loc_8c107f1c,bank10,,24.21,runner-up: sh4 0x8c04f048(18.8) / steam 0x14060a180(12.4),93,22
0x140759040,0x8c060fbc,low,c:c1055555(7.3) c:42d55555(6.5) c:c0a00000(6.3) c:43092492(5.7) d:174(1.1) d:170(1.0) d:6c(1.0) d:58(1.0),fingerprint+callgraph,caseD_0,loc_8c060fbc,bank06,,33.38,runner-up: sh4 0x8c06581e(13.2) / steam 0x1407e0a90(28.9),95,287
0x140759240,0x8c061254,medium,sw:166#1#0(9.9) kl:166#-1(7.9) ko:166(4.6),fingerprint+callgraph,caseD_1,loc_8c061254,bank06,,22.36,runner-up: sh4 0x8c1294c8(14.5) / steam -(0.0),34,10
0x14075b090,0x8c062882,high,c:20203030(9.9) c:30305040(9.5) c:42a6aaaa(8.8) c:42d20000(8.0) c:20202020(7.8) c:43055555(7.4) c:43200000(6.5) c:42a00000(6.2),fingerprint,caseD_1c,loc_8c062882,bank06,,72.06,runner-up: sh4 0x8c06fb94(20.3) / steam 0x1407a7880(27.6),220,499
0x14075b570,0x8c0635a0,high,c:60003030(9.5) c:42a00000(6.2) c:40092492(4.5) r:214(3.7) d:180(1.6) r:154(1.5) d:174(1.1) d:170(1.0),fingerprint+callgraph,caseD_22,loc_8c0635a0,bank06,,33.47,runner-up: sh4 0x8c073b62(17.8) / steam 0x1407a7880(24.0),107,183
0x14075e4c0,0x8c064cb8,low,c:fff7(8.6) c:403(8.6) c:fffb(8.3) c:fffd(7.6) c:42d55555(6.6) c:fffe(6.5) c:42a00000(6.2) c:41d55555(6.0),fingerprint+callgraph,caseD_26,loc_8c064cb8,bank06,,71.93,runner-up: sh4 0x8c064430(60.2) / steam 0x14070ba60(36.5),531,269
0x14075e4c0,0x8c064a0a,low,inlined into caseD_26 (covers 100% of strong tokens): c:403,inlined,caseD_26,loc_8c064a0a,bank06,,0,,531,39
0x14075ef90,0x8c065232,high,c:c3555555(8.2) c:43555555(7.4) c:432b6db6(6.1) d:8c(1.5) d:64(1.3) d:174(1.1) d:80(1.0) d:170(1.0),fingerprint,caseD_0,loc_8c065232,bank06,,29.68,runner-up: sh4 0x8c04c9f0(15.1) / steam 0x14012f3a0(18.8),207,179
0x140760210,0x8c066de2,high,c:c1735555(9.9) c:41735555(9.9) c:4262aaaa(8.8) c:c262aaaa(8.6) c:42d64924(7.9) d:578(1.7) d:174(1.1) d:170(1.0),fingerprint,caseD_0,loc_8c066de2,bank06,,50.93,runner-up: sh4 0x8c06650c(29.4) / steam 0x14068e160(28.7),60,153
0x140761220,0x8c067b18,low,c:179(8.5) c:424db6db(6.9) r:81(2.6),fingerprint+callgraph,FUN_140761220,loc_8c067b18,bank06,,18.03,runner-up: sh4 0x8c067a94(15.4) / steam 0x1407ac9e0(9.5),34,130
0x140761ba0,0x8c0671f6,medium,c:4422db6d(9.9) c:3e092492(8.1) b:6914(7.0) c:43700000(6.9) c:c0092492(6.8) c:40cdb6db(6.7) c:c1200000(6.2) c:bf892492(6.0),fingerprint,caseD_0,loc_8c0671f6,bank06,,75.5,runner-up: sh4 0x8c0678fc(32.0) / steam 0x1406f4d00(59.2),638,767
0x140761bb0,0x8c0678fc,high,c:503(8.8) c:404db6db(8.3) c:3e092492(8.3) d:88(0.9) d:7c(0.8) d:34(0.8) d:78(0.7) d:54(0.7),fingerprint+callgraph,caseD_7,loc_8c0678fc,bank06,,29.79,runner-up: sh4 0x8c067dc0(21.0) / steam 0x14078d0d0(15.4),52,175
0x140761bb0,0x8c06717c,low,inlined into caseD_7 (covers 100% of strong tokens): c:503,inlined,caseD_7,loc_8c06717c,bank06,,0,,52,28
0x1407645d0,0x8c0695c4,high,c:42fd5555(9.2) c:42f6aaaa(9.2) c:4391b6db(9.0) c:43610000(9.0) c:42e95555(9.0) c:43586db6(8.8) c:42c15555(8.8) c:43676db6(8.6),fingerprint,FUN_1407645d0,loc_8c0695c4,bank06,,120.35,runner-up: sh4 0x8c0694c4(68.3) / steam 0x140792e30(26.4),98,140
0x1407645d0,0x8c0694c4,medium,inlined into FUN_1407645d0 (covers 86% of strong tokens): c:42a00000 c:42c15555 c:42f6aaaa c:42fd5555 c:4304db6d c:43586db6 c:43676db6 c:43892492,inlined,FUN_1407645d0,loc_8c0694c4,bank06,,0,,98,60
0x1407650b0,0x8c069966,low,c:602(9.2) r:6(2.2) d:18(0.6),fingerprint,FUN_1407650b0,loc_8c069966,bank06,,12.02,runner-up: sh4 0x8c068f50(6.4) / steam -(0.0),22,66
0x140765100,0x8c069ba6,high,c:4340db6d(9.0) c:43654924(8.5) c:1600(8.4) c:c2baaaaa(8.3) c:c2820000(8.3) b:3cd4(6.8) r:6(2.2) d:174(1.1),fingerprint,caseD_4,loc_8c069ba6,bank06,,57.71,runner-up: sh4 0x8c0779b6(22.8) / steam 0x1407913a0(26.9),122,209
0x140765f60,0x8c06a2d6,medium,b:2eee4(8.0) c:700(7.9) r:6(2.2) d:18(0.6),fingerprint,FUN_140765f60,loc_8c06a2d6,bank06,,18.74,runner-up: sh4 0x8c06a4f0(10.9) / steam 0x14076fda0(11.6),40,48
0x140766230,0x8c06a4f0,medium,c:701(9.2) b:2eee4(8.0) r:6(2.2) d:18(0.6),fingerprint,FUN_140766230,loc_8c06a4f0,bank06,,20.07,runner-up: sh4 0x8c0626a8(10.9) / steam 0x14076c1a0(12.7),35,44
0x140766440,0x8c06a6fa,medium,c:702(8.5) b:2eee4(8.0) r:6(2.2) d:18(0.6),fingerprint,FUN_140766440,loc_8c06a6fa,bank06,,19.37,runner-up: sh4 0x8c06a966(11.3) / steam 0x140766500(12.0),36,49
0x140766500,0x8c06a798,medium,c:702(8.5) c:42ab6db6(7.7) d:174(1.1) d:170(1.0) d:6c(1.0) d:70(0.9) d:34(0.8) d:38(0.8),fingerprint,caseD_8,loc_8c06a798,bank06,,24.19,runner-up: sh4 0x8c07ea54(12.4) / steam 0x1407f3570(15.7),108,106
0x140766500,0x8c06a966,low,inlined into caseD_8 (covers 100% of strong tokens): c:702,inlined,caseD_8,loc_8c06a966,bank06,,0,,108,49
0x140766fb0,0x8c06ab9a,medium,c:c22d5555(8.1) c:432b6db6(6.1) d:1a1(1.7) d:180(1.6) r:154(1.5) d:174(1.1) d:170(1.0) d:6c(1.0),fingerprint+callgraph,caseD_8,loc_8c06ab9a,bank06,,23.67,runner-up: sh4 0x8c07ad94(15.6) / steam 0x14012f3a0(18.3),128,248
0x140767680,0x8c06b190,low,c:1510(9.9) r:148(2.6) d:174(1.1),fingerprint+callgraph,caseD_9,loc_8c06b190,bank06,,13.59,runner-up: sh4 -(0.0) / steam 0x14059c980(11.5),88,92
0x140768300,0x8c06bb36,low,ko:293(4.7) r:161(1.4) d:170(1.0) d:7c(0.8) d:34(0.8) d:78(0.7) d:54(0.7) d:50(0.6),fingerprint+callgraph,caseD_2,loc_8c06bb36,bank06,,10.77,runner-up: sh4 0x8c06b800(4.7) / steam -(0.0),28,51
0x1407685e0,0x8c06ba36,low,c:901(7.6) r:148(2.6) r:154(1.5) d:7c(0.8) d:34(0.8) d:20(0.7) d:78(0.7) d:54(0.7),fingerprint+callgraph,caseD_1,loc_8c06ba36,bank06,,16.61,runner-up: sh4 0x8c06bba2(11.1) / steam 0x14036c1c0(14.2),76,107
0x1407685e0,0x8c06b800,low,inlined into caseD_1 (covers 100% of strong tokens): c:901,inlined,caseD_1,loc_8c06b800,bank06,,0,,76,27
0x1407687b0,0x8c06bcfc,high,c:c392aaaa(9.9) c:4392aaaa(9.9) c:c12b6db6(9.0) c:43cdb6db(8.1) c:bdd55555(6.8) c:3dd55555(6.8) c:be892492(6.6) c:c0d55555(5.7),fingerprint,caseD_4,loc_8c06bcfc,bank06,,76.51,runner-up: sh4 0x8c0659fc(19.5) / steam 0x1406714a0(31.3),133,175
0x140769d50,0x8c06cd0c,medium,c:40092492(4.5) c:3fd55555(4.3) d:193(2.9) r:148(2.6) d:18f(1.8) r:154(1.5) r:161(1.4) d:174(1.1),fingerprint+callgraph,caseD_1,loc_8c06cd0c,bank06,,22.33,runner-up: sh4 0x8c0647f8(13.3) / steam 0x14078f240(18.0),118,251
0x14076b690,0x8c06cf46,high,c:a00(8.2) c:40092492(4.5) c:3fd55555(4.3) r:6(2.2) d:174(1.1) d:54(0.7) d:50(0.6) d:18(0.6),fingerprint,FUN_14076b690,loc_8c06cf46,bank06,,22.12,runner-up: sh4 0x8c06cd0c(9.9) / steam 0x14036c1c0(14.1),40,134
0x140772420,0x8c070f2c,low,c:d02(8.4) r:199(2.7) r:148(2.6) r:161(1.4) d:7c(0.8) d:54(0.7),fingerprint+callgraph,caseD_0,loc_8c070f2c,bank07,,16.57,runner-up: sh4 0x8c070b8e(12.2) / steam 0x1407726a0(11.6),46,60
0x140772420,0x8c070bfa,low,inlined into caseD_0 (covers 100% of strong tokens): c:d02,inlined,caseD_0,loc_8c070bfa,bank07,,0,,46,39
0x140776230,0x8c071788,medium,c:c3200000(7.2) c:43200000(6.6) r:167(3.2) r:148(2.6) d:182(2.1) r:154(1.5) d:174(1.1) d:170(1.0),fingerprint+callgraph,caseD_10,loc_8c071788,bank07,,29.04,runner-up: sh4 0x8c061e9a(21.9) / steam 0x14077d530(21.9),101,139
0x140776400,0x8c07192e,low,c:e02(8.8) r:148(2.6) d:18f(1.8) r:161(1.4) d:185(1.1),fingerprint+callgraph,caseD_13,loc_8c07192e,bank07,,15.71,runner-up: sh4 0x8c071730(11.6) / steam 0x1400539e0(9.5),64,76
0x140776400,0x8c071730,low,inlined into caseD_13 (covers 100% of strong tokens): c:e02,inlined,caseD_13,loc_8c071730,bank07,,0,,64,34
0x140777ef0,0x8c072d52,low,c:640(9.5) r:148(2.6),fingerprint+callgraph,caseD_0,loc_8c072d52,bank07,,12.07,runner-up: sh4 -(0.0) / steam 0x14020ae30(9.5),15,23
0x140778dc0,0x8c073766,low,c:320(7.7) r:167(3.1) r:148(2.6),fingerprint+callgraph,caseD_2,loc_8c073766,bank07,,13.46,runner-up: sh4 0x8c049756(7.7) / steam 0x1408797c0(8.7),21,32
0x140778e10,0x8c073420,high,c:40ab6db6(8.1) c:c2555555(6.2) c:40d55555(5.7) c:3fd55555(4.3) r:267(3.6) d:180(1.6) d:174(1.1) d:170(1.0),fingerprint+callgraph,caseD_1,loc_8c073420,bank07,,35.92,runner-up: sh4 0x8c06bff0(23.8) / steam 0x1407e9bd0(24.3),113,185
0x140779030,0x8c073a46,medium,c:3d088889(8.2) c:3c23d70a(6.2) r:167(3.1) r:148(2.6) d:14c(1.7) r:161(1.4) d:170(1.0) d:6c(1.0),fingerprint+callgraph,caseD_4,loc_8c073a46,bank07,,27.43,runner-up: sh4 0x8c07a230(11.1) / steam 0x1406302a0(14.9),38,66
0x1407798a0,0x8c073e08,low,c:c04db6db(9.0) r:148(2.6) r:161(1.4) d:88(0.9) d:7c(0.8) d:78(0.7) d:54(0.7) d:50(0.6),fingerprint+callgraph,caseD_3,loc_8c073e08,bank07,,16.64,runner-up: sh4 -(0.0) / steam 0x1406faf70(14.0),27,52
0x140779940,0x8c073b62,high,c:1001(8.2) c:40092492(4.5) c:3fd55555(4.3) r:214(3.7) d:180(1.6) r:154(1.5) d:174(1.1) d:170(1.0),fingerprint+callgraph,caseD_0,loc_8c073b62,bank07,,30.24,runner-up: sh4 0x8c04f048(20.6) / steam 0x1407e9bd0(22.1),136,218
0x140779c40,0x8c074430,high,c:1002(8.6) c:42092492(5.7) c:40092492(4.5) c:3fd55555(4.3) r:199(2.7) r:148(2.6) d:180(1.6) r:154(1.5),fingerprint+callgraph,caseD_0,loc_8c074430,bank07,,37.96,runner-up: sh4 0x8c068f50(25.1) / steam 0x1406f4d00(26.7),178,297
0x14077a2a0,0x8c074944,low,c:1003(8.6) r:167(3.1) r:148(2.6) r:154(1.5) r:161(1.4) d:174(1.1) d:34(0.8) d:78(0.7),fingerprint+callgraph,caseD_13,loc_8c074944,bank07,,20.51,runner-up: sh4 0x8c074758(14.2) / steam 0x14065c0a0(14.0),49,87
0x14077cbf0,0x8c075fe8,low,r:330(5.4) r:148(2.6) r:154(1.5) d:7c(0.8) d:78(0.7) d:54(0.7) d:50(0.6),fingerprint+callgraph,caseD_0,loc_8c075fe8,bank07,,12.33,runner-up: sh4 0x8c078c28(9.7) / steam -(0.0),35,59
0x14077ccf0,0x8c0760bc,medium,c:bf200000(7.3) c:3f200000(7.2) r:330(4.8) c:bf4db6db(4.6) c:40092492(4.5) r:154(1.5) d:174(1.1) d:88(0.9),fingerprint+callgraph,caseD_2,loc_8c0760bc,bank07,,34.18,runner-up: sh4 0x8c077fde(9.0) / steam 0x1406fd960(26.4),28,107
0x14077ce00,0x8c075d8a,high,c:3ecdb6db(9.5) c:c1892492(7.5) c:43f00000(7.1) b:6914(7.0) c:c1200000(6.2) c:41200000(5.4) d:180(1.6) d:174(1.1),fingerprint,caseD_8,loc_8c075d8a,bank07,,50.62,runner-up: sh4 0x8c0757ba(33.7) / steam 0x140749df0(29.7),105,172
0x14077d060,0x8c075f0e,low,r:447(5.0) r:63(3.9) r:199(2.7),fingerprint+callgraph,caseD_9,loc_8c075f0e,bank07,,11.59,runner-up: sh4 0x8c06581e(8.9) / steam 0x1407cc160(8.5),49,72
0x14077f240,0x8c0779b6,high,c:436ddb6d(9.2) c:4340db6d(9.0) c:c2baaaaa(8.3) c:42baaaaa(7.7) c:c1d55555(6.1) c:41d55555(6.0) d:185(1.1) d:174(1.1),fingerprint,caseD_7,loc_8c0779b6,bank07,,54.24,runner-up: sh4 0x8c069ba6(21.4) / steam 0x140677110(28.9),100,238
0x14077f410,0x8c077bf0,medium,c:200(4.9) r:330(4.8) r:185(4.7) c:100(3.9) r:81(2.6) r:148(2.6) r:154(1.5) r:161(1.4),fingerprint+callgraph,caseD_8,loc_8c077bf0,bank07,,30.41,runner-up: sh4 0x8c077fde(16.9) / steam 0x1406c6290(22.4),94,176
0x14077f7c0,0x8c077fde,low,b:6914(7.2) r:330(4.8) r:81(2.6) r:148(2.6) r:154(1.5) r:161(1.4) d:174(1.1) d:170(1.0),fingerprint+callgraph,caseD_4,loc_8c077fde,bank07,,25.13,runner-up: sh4 0x8c077bf0(16.9) / steam 0x14077d530(19.3),78,135
0x14077f9a0,0x8c077890,low,c:1102(9.9) r:6(2.2) d:18(0.6),fingerprint,FUN_14077f9a0,loc_8c077890,bank07,,12.71,runner-up: sh4 -(0.0) / steam -(0.0),25,36
0x14077fc00,0x8c078300,low,c:179(8.8) r:167(3.1) r:148(2.6) r:161(1.4) d:7c(0.8) d:78(0.7) d:54(0.7) d:50(0.6),fingerprint+callgraph,caseD_4,loc_8c078300,bank07,,18.73,runner-up: sh4 0x8c061ab8(15.3) / steam 0x1407ad5e0(12.5),53,88
0x14077ff70,0x8c07850c,low,c:4362aaaa(9.5) c:c362aaaa(9.0) r:330(4.8) r:154(1.5) d:174(1.1) d:185(1.1) d:170(1.0) d:38(0.8),fingerprint+callgraph,caseD_6,loc_8c07850c,bank07,,29.99,runner-up: sh4 0x8c0786ec(25.2) / steam 0x1406cbd90(10.7),51,82
0x140780090,0x8c0783b0,low,c:1103(9.9) r:6(2.2) d:20(0.7) d:18(0.6),fingerprint,FUN_140780090,loc_8c0783b0,bank07,,13.42,runner-up: sh4 -(0.0) / steam -(0.0),37,55
0x140780ec0,0x8c0790ee,low,c:178(7.4) b:3cd4(6.8) c:40092492(4.5) c:3fd55555(4.3) d:170(1.0),fingerprint,caseD_18,loc_8c0790ee,bank07,,23.89,runner-up: sh4 0x8c05c83e(17.1) / steam 0x14076ac40(20.5),110,153
0x1407810a0,0x8c07924c,medium,c:bd092492(8.6) c:41cdb6db(6.9) d:185(1.1) d:88(0.9) d:7c(0.8) d:84(0.8) d:78(0.7),fingerprint,caseD_19,loc_8c07924c,bank07,,19.84,runner-up: sh4 0x8c06e49a(10.1) / steam 0x1406a4790(12.9),15,32
0x1407823a0,0x8c0cbe3e,medium,sw:253#1#0(9.9) k:253#1(9.9) ko:253(4.5) d:18(0.6),fingerprint+callgraph,FUN_1407823a0,loc_8c0cbe3e,bank0c,,24.82,runner-up: sh4 0x8c075718(12.4) / steam 0x1407491d0(5.1),27,39
0x140784780,0x8c07a0e4,medium,c:bdcccccd(8.3) c:3d23d70a(6.5) c:3c23d70a(6.2) r:161(1.4) d:6c(1.0) d:70(0.9) d:88(0.9) d:7c(0.8),fingerprint+callgraph,caseD_11,loc_8c07a0e4,bank07,,27.22,runner-up: sh4 0x8c07b6ba(13.5) / steam 0x1401eb6c0(21.8),46,77
0x1407849d0,0x8c07a2b6,high,c:b99d4952(9.9) c:3ca3d70a(7.3) c:3e4ccccd(7.0) c:3c23d70a(6.1) c:3dcccccd(6.1) d:14c(1.7) d:6c(1.0) d:70(0.9),fingerprint,caseD_14,loc_8c07a2b6,bank07,,43.1,runner-up: sh4 0x8c07a17e(18.1) / steam 0x14048f2e0(27.2),44,80
0x140784b20,0x8c079d38,high,c:3fb851ec(9.9) c:258(6.8) c:f000(6.7) c:3c23d70a(6.1) c:4000(5.4) c:40092492(4.5) c:3fd55555(4.3) d:578(1.7),fingerprint,caseD_b,loc_8c079d38,bank07,,51.63,runner-up: sh4 0x8c05ab54(18.2) / steam 0x1404558d0(23.6),77,148
0x140785010,0x8c07966c,high,sw:111#0#0(9.9) k:111#0(9.9) kl:111#-2(7.9) ko:111(4.6) r:6(2.2) d:174(1.1) d:58(1.0) d:34(0.8),fingerprint+callgraph,FUN_140785010,loc_8c07966c,bank07,,39.26,runner-up: sh4 0x8c034e8c(4.6) / steam 0x140614420(5.2),35,52
0x1407855d0,0x8c079ada,high,c:bca3d70a(9.5) c:c27d5555(9.2) c:bcd55555(8.8) c:427d5555(8.8) c:3cd55555(8.6) c:3ec28f5c(8.5) c:bfd55555(6.5) c:3c23d70a(6.1),fingerprint,caseD_b,loc_8c079ada,bank07,,78.1,runner-up: sh4 0x8c075b7e(16.4) / steam 0x1406e2160(32.5),51,112
0x140788a90,0x8c07d544,high,c:40009249(9.9) c:424db6db(6.8) c:40cdb6db(6.7) c:c1555555(5.6) c:41555555(5.6) d:174(1.1) d:88(0.9) d:7c(0.8),fingerprint,caseD_5d,loc_8c07d544,bank07,,39.53,runner-up: sh4 0x8c0661e0(11.4) / steam 0x1407b1c90(25.2),32,58
0x140788f40,0x8c07d630,high,c:c1c80000(8.0) c:41c80000(7.5) c:c1a00000(6.8) c:417d5555(6.8) c:c17d5555(6.8) c:bea00000(6.6) c:3ea00000(6.6) c:41a00000(5.9),fingerprint,caseD_5f,loc_8c07d630,bank07,,59.47,runner-up: sh4 0x8c07d70c(45.2) / steam 0x14068e160(32.3),117,86
0x140788f40,0x8c07d70c,low,inlined into caseD_5f (covers 79% of strong tokens): c:3ea00000 c:417d5555 c:41a00000 c:bea00000 c:c17d5555 c:c1a00000,inlined,caseD_5f,loc_8c07d70c,bank07,,0,,117,128
0x14078a400,0x8c07d22a,high,b:3cd4(6.9) c:40a00000(5.9) c:bf4db6db(4.6) r:154(1.5) r:161(1.4) d:88(0.9) d:7c(0.8) d:84(0.8),fingerprint+callgraph,caseD_5a,loc_8c07d22a,bank07,,24.17,runner-up: sh4 0x8c077428(17.9) / steam 0x1407eaad0(18.3),54,73
0x14078ab50,0x8c07a76e,high,c:c3baaaaa(9.9) c:43baaaaa(9.2) c:c33aaaaa(7.9) c:433aaaaa(7.6) c:42a00000(6.2) d:174(1.1) d:170(1.0) d:58(1.0),fingerprint,caseD_6,loc_8c07a76e,bank07,,47.55,runner-up: sh4 0x8c078968(19.5) / steam 0x1406b9a40(26.9),65,138
0x14078aec0,0x8c07aa04,high,c:43500000(9.5) c:3f333333(7.1) c:40092492(4.5) c:3fd55555(4.3) d:14c(1.7) d:174(1.1) d:170(1.0) d:6c(1.0),fingerprint,caseD_9,loc_8c07aa04,bank07,,33.31,runner-up: sh4 0x8c022fd8(14.8) / steam 0x140799810(15.1),52,103
0x14078b6c0,0x8c07ae48,medium,c:c3d8aaab(9.9) c:43d8aaab(9.9) d:174(1.1) d:170(1.0) d:58(1.0) d:84(0.8) d:38(0.8) d:54(0.7),fingerprint,caseD_13,loc_8c07ae48,bank07,,25.66,runner-up: sh4 -(0.0) / steam -(0.0),44,78
0x14078b7d0,0x8c07af18,high,c:3fb33333(8.5) c:43c80000(7.7) c:43700000(6.9) d:174(1.1) d:170(1.0) d:6c(1.0) d:58(1.0) d:70(0.9),fingerprint,caseD_14,loc_8c07af18,bank07,,31.18,runner-up: sh4 0x8c022b94(18.2) / steam 0x1401eb6c0(23.9),71,73
0x1407bb300,0x8c05b566,medium,sw:84#1#0(9.9) k:84#1(9.9) kl:84#-4(7.9) ko:84(4.7),fingerprint+callgraph,FUN_1407bb300,loc_8c05b566,bank05,,16.19,runner-up: sh4 0x8c05ba72(4.7) / steam 0x1406415f0(11.3),12,68
0x1407bb390,0x8c05c41a,medium,c:475553aa(9.5) b:2eee8(9.2) d:18e(2.4) d:11(2.0) d:10(0.6),fingerprint,FUN_1407bb390,loc_8c05c41a,bank05,,23.72,runner-up: sh4 0x8c0529ec(11.6) / steam 0x1407bb850(14.6),81,122
0x1407bb6c0,0x8c05c530,high,sw:83#0#0(9.9) k:83#0(9.9) kl:83#-1(7.9) ko:83(4.9) c:3fd55555(4.3) d:11(2.0) d:174(1.1) d:10(0.6),fingerprint+callgraph,FUN_1407bb6c0,loc_8c05c530,bank05,,41.26,runner-up: sh4 0x8c05c654(8.0) / steam 0x1402fdc20(12.3),57,79
0x1407bbc50,0x8c05c5ce,high,sw:150#0#0(9.9) k:150#0(9.9) kl:150#-1(7.9) c:3ff(5.9) ko:150(4.9),fingerprint+callgraph,FUN_1407bbc50,loc_8c05c5ce,bank05,,38.51,runner-up: sh4 0x8c033b0a(3.0) / steam 0x14047a260(13.1),48,60
0x1407bbd10,0x8c05c654,high,sw:290#0#0(9.9) k:290#0(9.9) kl:290#-1(7.9) ko:290(4.9) c:3fd55555(4.3) d:174(1.1),fingerprint+callgraph,FUN_1407bbd10,loc_8c05c654,bank05,,38.02,runner-up: sh4 -(0.0) / steam 0x14047a260(13.8),42,95
0x1407f3570,0x8c07ea54,low,c:42ab6db6(7.7) c:424db6db(6.8) c:c0092492(6.8) c:2000(4.9) c:1000(4.6) d:64(1.3) d:174(1.1) d:7c(0.8),fingerprint,FUN_1407f3570,loc_8c07ea54,bank07,,38.29,runner-up: sh4 0x8c065e7a(32.2) / steam 0x1406bb570(20.6),1007,135
0x140800640,0x8c10830c,high,sw:8#0#19(9.9) k:8#19(9.9) kl:8#-1(7.9) ko:8(3.4),fingerprint,FUN_140800640,loc_8c10830c,bank10,,31.12,runner-up: sh4 0x8c02ded6(3.4) / steam 0x140619720(5.3),250,30
0x140800aa0,0x8c129728,medium,sw:5#0#0(9.9) kl:5#-1(7.9) ko:5(4.9),fingerprint,FUN_140800aa0,loc_8c129728,bank12,,22.73,runner-up: sh4 0x8c027b64(15.6) / steam -(0.0),85,12
0x140816de4,0x8c11e170,medium,sw:185#0#0(9.9) k:185#0(9.9) ko:185(4.9),fingerprint+callgraph,FUN_140816de4,loc_8c11e170,bank11,,24.68,runner-up: sh4 0x8c0275f6(7.1) / steam -(0.0),259,69
0x140817230,0x8c11e3e0,high,sw:311#0#0(9.9) k:311#0(9.9) kl:311#-1(7.9) ko:311(4.9),fingerprint+callgraph,FUN_140817230,loc_8c11e3e0,bank11,,32.57,runner-up: sh4 0x8c02aa44(9.5) / steam -(0.0),354,64
0x1408435d0,0x8c03552a,medium,sw:95#0#0(9.9) kl:95#-1(7.9) ko:95(4.9),fingerprint+callgraph,FUN_1408435d0,loc_8c03552a,bank03,LZSS part decoder,22.7,runner-up: sh4 0x8c174e96(16.3) / steam 0x140048460(12.6),50,59
0x1408436a0,0x8c127c80,high,sw:176#0#0(9.9) k:208#1(9.9) kl:208#-1(7.9) kl:176#-1(7.9) ko:176(4.9) ko:208(4.7) d:44(1.4) d:5c(1.1),fingerprint+callgraph,FUN_1408436a0,loc_8c127c80,bank12,,53.22,runner-up: sh4 0x8c02861e(17.1) / steam -(0.0),384,551
0x140844370,0x8c075d52,high,sw:450#3#0(9.9) k:450#4(9.9) kl:450#-1(7.9) ko:450(4.7),fingerprint+callgraph,FUN_140844370,loc_8c075d52,bank07,,32.34,runner-up: sh4 0x8c064a0a(2.5) / steam -(0.0),5,19
0x1408443c0,0x8c11e210,high,sw:107#0#0(9.9) k:107#1(9.9) kl:107#-2(7.9) ko:107(4.6),fingerprint+callgraph,FUN_1408443c0,loc_8c11e210,bank11,,32.25,runner-up: sh4 0x8c022722(8.6) / steam 0x140614420(4.6),36,97
0x1408444d0,0x8c11e2e0,medium,sw:71#0#1(9.9) k:71#1(9.9) kl:71#-3(7.9) ko:71(4.2),fingerprint+callgraph,FUN_1408444d0,loc_8c11e2e0,bank11,,15.95,runner-up: sh4 0x8c058b64(7.2) / steam 0x140845e20(4.2),4,40
0x1408444e0,0x8c11e460,medium,sw:71#0#0(9.9) k:71#0(9.9) kl:71#-4(7.9) ko:71(4.2),fingerprint+callgraph,floorf,loc_8c11e460,bank11,"Leaf vertex builder called by loc_8c0344d4 (jsr). 24 insns. First fully-transpiled-to-C function (Option C PoC), 21/21 bit-exact.",15.95,runner-up: sh4 0x8c11e2e0(2.1) / steam 0x140845e20(4.2),1,88
0x140844510,0x8c11f2e0,high,sw:139#0#0(9.9) k:139#0(9.9) kl:139#-2(7.9) ko:139(4.6),fingerprint+callgraph,FUN_140844510,loc_8c11f2e0,bank11,,32.24,runner-up: sh4 0x8c11f280(4.6) / steam 0x140844530(4.6),7,33
0x140844530,0x8c11f280,high,sw:139#0#1(9.9) k:139#1(9.9) kl:139#-1(7.9) ko:139(4.6) ko:53(3.1),fingerprint+callgraph,FUN_140844530,loc_8c11f280,bank11,,35.36,runner-up: sh4 0x8c11cb90(13.0) / steam 0x140844510(4.6),20,32
0x140844dc0,0x8c032526,low,sw:8#7#0(9.9) k:8#8(9.9) kl:8#-12(7.9) ko:8(4.4),fingerprint+callgraph,FUN_140844dc0,loc_8c032526,bank03,,32.03,runner-up: sh4 0x8c03552a(26.8) / steam 0x140611a20(16.9),74,125
0x140845150,0x8c11e860,medium,sw:71#0#2(9.9) k:71#2(9.9) kl:71#-2(7.9) ko:71(4.2),fingerprint+callgraph,FUN_140845150,loc_8c11e860,bank11,,15.95,runner-up: sh4 0x8c058b64(6.2) / steam 0x140845e20(4.2),4,112
0x140845170,0x8c11eb20,medium,sw:129#0#0(9.9) k:129#0(9.9) kl:129#-1(7.9) ko:129(4.9),fingerprint+callgraph,FUN_140845170,loc_8c11eb20,bank11,,16.29,runner-up: sh4 -(0.0) / steam -(0.0),6,167
0x140845190,0x8c041b4c,medium,sw:33#0#0(9.9) k:33#0(9.9) c:27b0(9.0) kl:33#-1(7.9) ko:33(4.9),fingerprint+callgraph,FUN_140845190,loc_8c041b4c,bank04,,41.56,runner-up: sh4 0x8c1258e0(32.3) / steam 0x140608dd0(9.0),31,72
0x140845420,0x8c125660,high,sw:200#0#0(9.9) sw:170#0#0(9.9) k:200#0(9.9) k:170#0(9.9) ko:200(4.7) ko:170(4.7),fingerprint+callgraph,FUN_140845420,loc_8c125660,bank12,,24.47,runner-up: sh4 0x8c042d0c(9.5) / steam -(0.0),14,97
0x140845460,0x8c125250,high,sw:200#1#0(9.9) sw:170#1#0(9.9) kl:200#-1(7.9) kl:170#-1(7.9) ko:200(4.3) ko:170(4.3),fingerprint+callgraph,FUN_140845460,loc_8c125250,bank12,,22.08,runner-up: sh4 0x8c042d0c(8.6) / steam 0x140036410(4.3),17,111
0x1408454b0,0x8c0417e4,high,sw:81#1#1(9.9) sw:61#1#1(9.9) k:81#2(9.9) k:61#2(9.9) kl:81#-1(7.9) kl:61#-1(7.9) ko:81(4.6) ko:61(4.6),fingerprint+callgraph,FUN_1408454b0,loc_8c0417e4,bank04,,64.51,runner-up: sh4 0x8c1258e0(4.6) / steam 0x140609f10(17.6),22,37
0x140845520,0x8c1257e0,high,sw:168#0#0(9.9) sw:126#0#0(9.9) k:168#0(9.9) k:126#0(9.9) kl:206#-1(7.9) kl:168#-2(7.9) kl:126#-1(7.9) ko:126(4.9),fingerprint+callgraph,FUN_140845520,loc_8c1257e0,bank12,,77.45,runner-up: sh4 0x8c129128(14.6) / steam 0x14006b5d0(2.3),61,77
0x140845670,0x8c11f7f0,medium,k:55#1(9.9) kl:55#-1(7.9) ko:55(4.7),fingerprint+callgraph,FUN_140845670,loc_8c11f7f0,bank11,,11.26,runner-up: sh4 0x8c11b800(4.7) / steam -(0.0),3,62
0x140845830,0x8c039f5c,medium,sw:76#1#0(9.9) kl:76#-1(7.9) ko:76(4.6),fingerprint+callgraph,FUN_140845830,loc_8c039f5c,bank03,,22.37,runner-up: sh4 0x8c11b810(13.6) / steam 0x1407ecd40(8.0),22,14
0x1408458a0,0x8c0324d0,medium,sw:8#0#7(9.9) k:8#7(9.9) kl:8#-13(7.9) ko:8(3.4),fingerprint,FUN_1408458a0,loc_8c0324d0,bank03,,15.56,runner-up: sh4 0x8c0321d2(3.4) / steam 0x140617ca0(12.4),3,43
0x140845e20,0x8c1244b0,high,sw:71#0#3(9.9) sw:67#0#0(9.9) k:71#3(9.9) k:67#0(9.9) k:29#5(9.9) kl:71#-1(7.9) kl:67#-1(7.9) kl:29#-1(7.9),fingerprint+callgraph,FUN_140845e20,loc_8c1244b0,bank12,PVR sprite-para submit,88.45,runner-up: sh4 0x8c11e860(4.2) / steam 0x14060b8c0(2.8),92,432
0x140845fe0,0x8c032320,high,sw:8#0#9(9.9) k:8#9(9.9) kl:8#-11(7.9) ko:8(3.4),fingerprint,FUN_140845fe0,loc_8c032320,bank03,,31.12,runner-up: sh4 0x8c032696(4.0) / steam 0x14060d470(3.4),40,34
0x140846080,0x8c036cc6,high,sw:8#0#11(9.9) k:8#11(9.9) kl:8#-9(7.9) ko:8(3.4),fingerprint,FUN_140846080,loc_8c036cc6,bank03,,31.12,runner-up: sh4 0x8c032184(3.4) / steam 0x140619830(13.5),14,12
0x140846690,0x8c032650,medium,sw:8#0#10(9.9) k:8#10(9.9) kl:8#-10(7.9) ko:8(3.4),fingerprint,thunk_FUN_1408435d0,loc_8c032650,bank03,,15.56,runner-up: sh4 0x8c0321d2(3.4) / steam 0x14060d560(12.1),1,35
0x1408466a0,0x8c127b60,medium,k:29#3(9.9) kl:29#-3(7.9) ko:29(4.1),fingerprint+callgraph,FUN_1408466a0,loc_8c127b60,bank12,,21.92,runner-up: sh4 0x8c076f28(15.7) / steam 0x140845e20(4.1),38,60
0x140846760,0x8c127af0,medium,k:29#2(9.9) kl:29#-4(7.9) ko:29(4.1),fingerprint+callgraph,FUN_140846760,loc_8c127af0,bank12,,21.92,runner-up: sh4 0x8c06e274(6.2) / steam 0x1408466a0(4.1),22,45
0x1408467d0,0x8c11f8b0,medium,sw:51#3#0(9.9) kl:51#-5(7.9) ko:51(4.2),fingerprint+callgraph,FUN_1408467d0,loc_8c11f8b0,bank11,,21.97,runner-up: sh4 0x8c1294c8(4.2) / steam 0x140846880(14.1),39,45
0x140846880,0x8c11f870,medium,sw:51#3#1(9.9) kl:51#-4(7.9) ko:51(4.2),fingerprint+callgraph,FUN_140846880,loc_8c11f870,bank11,,21.97,runner-up: sh4 0x8c11f8b0(14.1) / steam 0x1408467d0(4.2),52,32
0x140846c80,0x8c11ff90,confirmed,"KB (seed+decompile): same args (eye, target, u16 roll) and call slot; SH4 computes target-eye, normalises, translates by -eye via 8C1210C0 (WORLD-CAMERA-GHIDRA.md s1/2.2) | matcher: sw:11#0#4(9.9) sw:10#0#4(9.9) k:11#4(9.9) k:10#4(9.9) kl:11#-1(7.9) kl:10#-1(7.9) ko:11(4.1) ko:10(4.1)",kb-seed+decompile,FUN_140846c80,loc_8c11ff90,bank11,,63.63,runner-up: sh4 0x8c121710(8.3) / steam 0x140847f20(8.3),113,296
0x140846e90,0x8c1204f0,confirmed,"KB (seed+decompile): same call slot/args in loc_8c02e1a4 vs FUN_14061d7e0; SH4 saves XMTRX to slot, sets mode byte 0x8C2D68E4, reloads via 8C1201E0; Steam moves DAT_142ef0ab8 to ctx+0x1f80ac+m*0x40 (WORLD-CAMERA-GHIDRA.md s1) | matcher: sw:11#0#0(9.9) sw:10#0#0(9.9) k:11#0(9.9) k:10#0(9.9) kl:11#-5(7.9) kl:10#-5(7.9) ko:11(4.1) ko:10(4.1)",kb-seed+decompile,FUN_140846e90,loc_8c1204f0,bank12,,63.63,runner-up: sh4 0x8c121710(8.3) / steam 0x140847f20(8.3),14,40
0x1408478c0,0x8c120900,confirmed,"CONFIRMED both read: NaomiLib matrix POP(n). DC: n=max(n,1), count-=n clamped, ptr-=n*0x40, reload XMTRX. Steam FUN_1408478c0: loop n: ptr-=0x40, copy to current, free-count++.",seed,FUN_1408478c0,loc_8c120900,bank12,,999.0,,30,38
0x140847950,0x8c120950,confirmed,"CONFIRMED both read: NaomiLib matrix PUSH. DC: stack {i16 count,i16 max,ptr@+8} at 0x8C2D68E8, saves XMTRX (fschg/frchg 8 pairs) to ptr, ptr+=0x40, count++, optional load from r4. Steam FUN_140847950: ptr ctx+0x1f81b0, free-count ctx+0x1f81bc--, copies DAT_142ef0ab8 (current 4x4), optional load from param.",seed,FUN_140847950,loc_8c120950,bank12,,999.0,,33,220
0x140847ca0,0x8c121100,confirmed,KB (seed+decompile): both write the identity (WORLD-CAMERA-GHIDRA.md s1) | matcher: sw:11#0#1(9.9) sw:10#0#1(9.9) k:11#1(9.9) k:10#1(9.9) kl:11#-4(7.9) kl:10#-4(7.9) ko:11(4.1) ko:10(4.1),kb-seed+decompile,FUN_140847ca0,loc_8c121100,bank12,,31.81,runner-up: sh4 0x8c121710(8.3) / steam 0x140847f20(8.3),10,94
0x140847d10,0x8c1216c0,medium,sw:51#4#0(9.9) kl:51#-2(7.9) ko:51(4.2),fingerprint+callgraph,FUN_140847d10,loc_8c1216c0,bank12,world->screen transform,21.97,runner-up: sh4 0x8c01836c(4.6) / steam 0x140848120(14.1),17,40
0x140847f20,0x8c1219b0,confirmed,"KB (seed+decompile): same 4 args (angle u16, aspect, near, far) and call slot; Steam closed form read; SH4 body uses sin/atan/cos helpers 8C11EB20/8C11E170/8C11E2E0 and ftrv loader 8C120540 (not reduced) (WORLD-CAMERA-GHIDRA.md s1/2.1) | matcher: sw:11#0#3(9.9) sw:10#0#3(9.9) k:11#3(9.9) k:10#3(9.9) kl:11#-2(7.9) kl:10#-2(7.9) ko:11(4.1) ko:10(4.1)",kb-seed+decompile,FUN_140847f20,loc_8c1219b0,bank12,,31.81,runner-up: sh4 0x8c03718c(13.6) / steam 0x140847ca0(4.5),77,715
0x140848120,0x8c122560,medium,sw:51#4#1(9.9) kl:51#-1(7.9) ko:51(4.2),fingerprint+callgraph,FUN_140848120,loc_8c122560,bank12,,21.97,runner-up: sh4 0x8c1216c0(14.1) / steam 0x140846880(4.2),48,177
0x140848200,0x8c121710,confirmed,"KB (seed+decompile): SH4 stores fabs(fr4),fabs(fr5) to 0x8C16BD80/84 (consumed by 8C1219B0); Steam stores to ctx+0x1f8240/44 (consumed by FUN_140847f20); same call slot (WORLD-CAMERA-GHIDRA.md s1) | matcher: sw:11#0#2(9.9) sw:10#0#2(9.9) k:11#2(9.9) k:10#2(9.9) kl:11#-3(7.9) kl:10#-3(7.9) ko:11(4.1) ko:10(4.1)",kb-seed+decompile,FUN_140848200,loc_8c121710,bank12,,63.63,runner-up: sh4 0x8c121100(4.1) / steam 0x140847f20(8.3),5,16
0x140849a10,0x8c031aac,medium,sw:53#3#3(9.9) kl:53#-3(7.9) ko:53(3.1),fingerprint+callgraph,FUN_140849a10,loc_8c031aac,bank03,vblank callback slot 0: set vsync flag 0x8C2152D4=1 + per-vblank render work,20.9,runner-up: sh4 0x8c123d50(13.0) / steam 0x1402bd3f0(13.3),22,15
0x140849af0,0x8c128432,medium,sw:53#3#4(9.9) kl:53#-2(7.9) ko:53(3.1),fingerprint+callgraph,FUN_140849af0,loc_8c128432,bank12,,10.45,runner-up: sh4 0x8c11bd70(6.5) / steam 0x140844a10(2.2),3,956
0x140849b60,0x8c123680,high,sw:171#0#0(9.9) k:171#0(9.9) kl:171#-1(7.9) ko:171(4.9),fingerprint+callgraph,FUN_140849b60,loc_8c123680,bank12,,32.58,runner-up: sh4 -(0.0) / steam -(0.0),12,34
0x140849bb0,0x8c1236e0,medium,sw:184#0#0(9.9) kl:184#-1(7.9) ko:184(4.9),fingerprint+callgraph,FUN_140849bb0,loc_8c1236e0,bank12,,22.69,runner-up: sh4 -(0.0) / steam -(0.0),8,33
0x1408d5978,0x8c11e150,high,sw:218#0#0(9.9) k:218#0(9.9) kl:218#-1(7.9) ko:218(4.9),fingerprint+callgraph,floorf,loc_8c11e150,bank11,,32.58,runner-up: sh4 -(0.0) / steam -(0.0),40,16
0x143238310,0x8c020378,high,c:131(9.9) c:132(9.2) c:129(9.2) c:128(6.5),fingerprint,FUN_143238310,loc_8c020378,bank02,,34.8,runner-up: sh4 0x8c037bc0(21.7) / steam 0x14009be70(17.2),832,140
